date,load_gw
2015-01-01 00:00:00+00:00,45.34654166666667
2015-01-02 00:00:00+00:00,51.94116666666667
2015-01-03 00:00:00+00:00,46.56475
2015-01-04 00:00:00+00:00,45.0825
2015-01-05 00:00:00+00:00,55.24666666666666
2015-01-06 00:00:00+00:00,55.4965
2015-01-07 00:00:00+00:00,60.113
2015-01-08 00:00:00+00:00,61.432291666666664
2015-01-09 00:00:00+00:00,60.808708333333335
2015-01-10 00:00:00+00:00,51.78404166666667
2015-01-11 00:00:00+00:00,48.4565
2015-01-12 00:00:00+00:00,61.913625
2015-01-13 00:00:00+00:00,60.95016666666666
2015-01-14 00:00:00+00:00,60.94645833333333
2015-01-15 00:00:00+00:00,61.63520833333334
2015-01-16 00:00:00+00:00,59.64225
2015-01-17 00:00:00+00:00,51.13375
2015-01-18 00:00:00+00:00,47.487291666666664
2015-01-19 00:00:00+00:00,60.72079166666666
2015-01-20 00:00:00+00:00,62.05220833333333
2015-01-21 00:00:00+00:00,61.946125
2015-01-22 00:00:00+00:00,62.37104166666666
2015-01-23 00:00:00+00:00,61.28904166666666
2015-01-24 00:00:00+00:00,53.379666666666665
2015-01-25 00:00:00+00:00,48.53425
2015-01-26 00:00:00+00:00,61.78625
2015-01-27 00:00:00+00:00,62.015625
2015-01-28 00:00:00+00:00,63.30895833333334
2015-01-29 00:00:00+00:00,62.851791666666664
2015-01-30 00:00:00+00:00,61.035
2015-01-31 00:00:00+00:00,52.042458333333336
2015-02-01 00:00:00+00:00,48.098125
2015-02-02 00:00:00+00:00,61.79329166666666
2015-02-03 00:00:00+00:00,62.584875
2015-02-04 00:00:00+00:00,62.909125
2015-02-05 00:00:00+00:00,62.91883333333334
2015-02-06 00:00:00+00:00,62.154583333333335
2015-02-07 00:00:00+00:00,53.50525
2015-02-08 00:00:00+00:00,49.40133333333333
2015-02-09 00:00:00+00:00,62.41675
2015-02-10 00:00:00+00:00,62.023583333333335
2015-02-11 00:00:00+00:00,61.87504166666666
2015-02-12 00:00:00+00:00,61.60420833333333
2015-02-13 00:00:00+00:00,60.23404166666666
2015-02-14 00:00:00+00:00,51.281958333333336
2015-02-15 00:00:00+00:00,47.528875
2015-02-16 00:00:00+00:00,58.87370833333333
2015-02-17 00:00:00+00:00,61.269666666666666
2015-02-18 00:00:00+00:00,61.85883333333334
2015-02-19 00:00:00+00:00,62.277458333333335
2015-02-20 00:00:00+00:00,60.73354166666667
2015-02-21 00:00:00+00:00,51.859541666666665
2015-02-22 00:00:00+00:00,47.74754166666666
2015-02-23 00:00:00+00:00,61.70108333333334
2015-02-24 00:00:00+00:00,61.90445833333334
2015-02-25 00:00:00+00:00,60.93808333333334
2015-02-26 00:00:00+00:00,61.28766666666667
2015-02-27 00:00:00+00:00,61.279375
2015-02-28 00:00:00+00:00,53.802
2015-03-01 00:00:00+00:00,51.1245
2015-03-02 00:00:00+00:00,61.69595833333334
2015-03-03 00:00:00+00:00,62.471625
2015-03-04 00:00:00+00:00,62.931
2015-03-05 00:00:00+00:00,62.31979166666667
2015-03-06 00:00:00+00:00,60.98591666666666
2015-03-07 00:00:00+00:00,53.445875
2015-03-08 00:00:00+00:00,49.230875
2015-03-09 00:00:00+00:00,59.804541666666665
2015-03-10 00:00:00+00:00,60.954708333333336
2015-03-11 00:00:00+00:00,59.91116666666667
2015-03-12 00:00:00+00:00,59.951791666666665
2015-03-13 00:00:00+00:00,59.29325
2015-03-14 00:00:00+00:00,51.315666666666665
2015-03-15 00:00:00+00:00,47.230916666666666
2015-03-16 00:00:00+00:00,58.934625
2015-03-17 00:00:00+00:00,58.77045833333334
2015-03-18 00:00:00+00:00,58.17704166666667
2015-03-19 00:00:00+00:00,58.386291666666665
2015-03-20 00:00:00+00:00,57.737541666666665
2015-03-21 00:00:00+00:00,50.334125
2015-03-22 00:00:00+00:00,45.87495833333334
2015-03-23 00:00:00+00:00,58.24695833333334
2015-03-24 00:00:00+00:00,59.121833333333335
2015-03-25 00:00:00+00:00,58.81908333333334
2015-03-26 00:00:00+00:00,59.750625
2015-03-27 00:00:00+00:00,58.979791666666664
2015-03-28 00:00:00+00:00,49.73970833333333
2015-03-29 00:00:00+00:00,46.47825
2015-03-30 00:00:00+00:00,59.897958333333335
2015-03-31 00:00:00+00:00,61.70158333333334
2015-04-01 00:00:00+00:00,61.02791666666666
2015-04-02 00:00:00+00:00,58.999291666666664
2015-04-03 00:00:00+00:00,45.56158333333334
2015-04-04 00:00:00+00:00,45.20308333333334
2015-04-05 00:00:00+00:00,41.19691666666667
2015-04-06 00:00:00+00:00,42.57483333333334
2015-04-07 00:00:00+00:00,57.43233333333333
2015-04-08 00:00:00+00:00,57.749583333333334
2015-04-09 00:00:00+00:00,56.673291666666664
2015-04-10 00:00:00+00:00,55.36675
2015-04-11 00:00:00+00:00,47.82604166666666
2015-04-12 00:00:00+00:00,43.61416666666666
2015-04-13 00:00:00+00:00,56.920375
2015-04-14 00:00:00+00:00,57.88529166666667
2015-04-15 00:00:00+00:00,57.9245
2015-04-16 00:00:00+00:00,56.817458333333335
2015-04-17 00:00:00+00:00,55.24008333333334
2015-04-18 00:00:00+00:00,46.50895833333333
2015-04-19 00:00:00+00:00,42.35445833333333
2015-04-20 00:00:00+00:00,54.79116666666666
2015-04-21 00:00:00+00:00,56.170375
2015-04-22 00:00:00+00:00,56.093666666666664
2015-04-23 00:00:00+00:00,55.68275
2015-04-24 00:00:00+00:00,55.142583333333334
2015-04-25 00:00:00+00:00,46.910875
2015-04-26 00:00:00+00:00,42.79204166666666
2015-04-27 00:00:00+00:00,56.599041666666665
2015-04-28 00:00:00+00:00,57.08375
2015-04-29 00:00:00+00:00,56.890208333333334
2015-04-30 00:00:00+00:00,55.85191666666667
2015-05-01 00:00:00+00:00,42.220166666666664
2015-05-02 00:00:00+00:00,44.14691666666666
2015-05-03 00:00:00+00:00,43.37233333333334
2015-05-04 00:00:00+00:00,55.78358333333333
2015-05-05 00:00:00+00:00,57.65379166666666
2015-05-06 00:00:00+00:00,56.90795833333333
2015-05-07 00:00:00+00:00,56.996625
2015-05-08 00:00:00+00:00,55.303333333333335
2015-05-09 00:00:00+00:00,47.138708333333334
2015-05-10 00:00:00+00:00,42.847208333333334
2015-05-11 00:00:00+00:00,56.202333333333335
2015-05-12 00:00:00+00:00,57.087625
2015-05-13 00:00:00+00:00,55.98795833333334
2015-05-14 00:00:00+00:00,43.06283333333334
2015-05-15 00:00:00+00:00,49.22391666666667
2015-05-16 00:00:00+00:00,45.786875
2015-05-17 00:00:00+00:00,42.54195833333333
2015-05-18 00:00:00+00:00,55.43116666666666
2015-05-19 00:00:00+00:00,57.373041666666666
2015-05-20 00:00:00+00:00,56.38291666666667
2015-05-21 00:00:00+00:00,56.365458333333336
2015-05-22 00:00:00+00:00,55.123625
2015-05-23 00:00:00+00:00,45.829458333333335
2015-05-24 00:00:00+00:00,39.522958333333335
2015-05-25 00:00:00+00:00,41.135125
2015-05-26 00:00:00+00:00,54.50525
2015-05-27 00:00:00+00:00,55.87266666666667
2015-05-28 00:00:00+00:00,56.443041666666666
2015-05-29 00:00:00+00:00,55.40354166666666
2015-05-30 00:00:00+00:00,47.16583333333334
2015-05-31 00:00:00+00:00,42.77041666666666
2015-06-01 00:00:00+00:00,54.45045833333334
2015-06-02 00:00:00+00:00,56.723083333333335
2015-06-03 00:00:00+00:00,55.58083333333334
2015-06-04 00:00:00+00:00,46.910833333333336
2015-06-05 00:00:00+00:00,51.639208333333336
2015-06-06 00:00:00+00:00,46.50545833333334
2015-06-07 00:00:00+00:00,42.364916666666666
2015-06-08 00:00:00+00:00,55.590666666666664
2015-06-09 00:00:00+00:00,57.021791666666665
2015-06-10 00:00:00+00:00,57.084375
2015-06-11 00:00:00+00:00,56.70520833333334
2015-06-12 00:00:00+00:00,56.09291666666667
2015-06-13 00:00:00+00:00,47.13166666666667
2015-06-14 00:00:00+00:00,42.47204166666666
2015-06-15 00:00:00+00:00,54.772625
2015-06-16 00:00:00+00:00,55.776583333333335
2015-06-17 00:00:00+00:00,56.130125
2015-06-18 00:00:00+00:00,56.72575
2015-06-19 00:00:00+00:00,55.839125
2015-06-20 00:00:00+00:00,45.990125
2015-06-21 00:00:00+00:00,42.83125
2015-06-22 00:00:00+00:00,55.237791666666666
2015-06-23 00:00:00+00:00,56.66641666666666
2015-06-24 00:00:00+00:00,57.09291666666667
2015-06-25 00:00:00+00:00,56.34954166666667
2015-06-26 00:00:00+00:00,55.441833333333335
2015-06-27 00:00:00+00:00,46.813208333333336
2015-06-28 00:00:00+00:00,42.364
2015-06-29 00:00:00+00:00,55.13195833333334
2015-06-30 00:00:00+00:00,55.8585
2015-07-01 00:00:00+00:00,57.69541666666667
2015-07-02 00:00:00+00:00,59.07333333333334
2015-07-03 00:00:00+00:00,57.88675
2015-07-04 00:00:00+00:00,48.89479166666666
2015-07-05 00:00:00+00:00,45.02016666666666
2015-07-06 00:00:00+00:00,57.507666666666665
2015-07-07 00:00:00+00:00,58.576
2015-07-08 00:00:00+00:00,58.22204166666666
2015-07-09 00:00:00+00:00,57.170625
2015-07-10 00:00:00+00:00,55.307125
2015-07-11 00:00:00+00:00,46.766958333333335
2015-07-12 00:00:00+00:00,43.595083333333335
2015-07-13 00:00:00+00:00,56.23829166666666
2015-07-14 00:00:00+00:00,57.4815
2015-07-15 00:00:00+00:00,57.48716666666667
2015-07-16 00:00:00+00:00,57.64129166666667
2015-07-17 00:00:00+00:00,57.00725
2015-07-18 00:00:00+00:00,46.9395
2015-07-19 00:00:00+00:00,43.262625
2015-07-20 00:00:00+00:00,55.95641666666666
2015-07-21 00:00:00+00:00,58.11295833333334
2015-07-22 00:00:00+00:00,58.028416666666665
2015-07-23 00:00:00+00:00,56.896
2015-07-24 00:00:00+00:00,55.678125
2015-07-25 00:00:00+00:00,48.22675
2015-07-26 00:00:00+00:00,42.721666666666664
2015-07-27 00:00:00+00:00,55.46695833333334
2015-07-28 00:00:00+00:00,56.723625
2015-07-29 00:00:00+00:00,56.22575
2015-07-30 00:00:00+00:00,56.2345
2015-07-31 00:00:00+00:00,53.87675
2015-08-01 00:00:00+00:00,45.58679166666666
2015-08-02 00:00:00+00:00,42.063916666666664
2015-08-03 00:00:00+00:00,54.545833333333334
2015-08-04 00:00:00+00:00,55.84820833333334
2015-08-05 00:00:00+00:00,54.920625
2015-08-06 00:00:00+00:00,56.05416666666667
2015-08-07 00:00:00+00:00,54.9765
2015-08-08 00:00:00+00:00,47.87858333333334
2015-08-09 00:00:00+00:00,43.383625
2015-08-10 00:00:00+00:00,54.7015
2015-08-11 00:00:00+00:00,56.40295833333334
2015-08-12 00:00:00+00:00,56.18075
2015-08-13 00:00:00+00:00,56.465625
2015-08-14 00:00:00+00:00,55.642375
2015-08-15 00:00:00+00:00,46.37275
2015-08-16 00:00:00+00:00,42.91191666666666
2015-08-17 00:00:00+00:00,54.564
2015-08-18 00:00:00+00:00,54.947583333333334
2015-08-19 00:00:00+00:00,54.5875
2015-08-20 00:00:00+00:00,54.94833333333334
2015-08-21 00:00:00+00:00,54.040416666666665
2015-08-22 00:00:00+00:00,46.225875
2015-08-23 00:00:00+00:00,43.332458333333335
2015-08-24 00:00:00+00:00,56.48225
2015-08-25 00:00:00+00:00,58.467708333333334
2015-08-26 00:00:00+00:00,57.94533333333334
2015-08-27 00:00:00+00:00,57.075041666666664
2015-08-28 00:00:00+00:00,55.470166666666664
2015-08-29 00:00:00+00:00,47.02191666666666
2015-08-30 00:00:00+00:00,43.281416666666665
2015-08-31 00:00:00+00:00,56.9885
2015-09-01 00:00:00+00:00,58.153958333333335
2015-09-02 00:00:00+00:00,57.04241666666666
2015-09-03 00:00:00+00:00,56.736666666666665
2015-09-04 00:00:00+00:00,55.80329166666667
2015-09-05 00:00:00+00:00,47.76241666666667
2015-09-06 00:00:00+00:00,44.60883333333334
2015-09-07 00:00:00+00:00,56.167291666666664
2015-09-08 00:00:00+00:00,56.93483333333334
2015-09-09 00:00:00+00:00,56.479708333333335
2015-09-10 00:00:00+00:00,56.6725
2015-09-11 00:00:00+00:00,56.048
2015-09-12 00:00:00+00:00,47.654583333333335
2015-09-13 00:00:00+00:00,44.09125
2015-09-14 00:00:00+00:00,57.2085
2015-09-15 00:00:00+00:00,58.739375
2015-09-16 00:00:00+00:00,58.7805
2015-09-17 00:00:00+00:00,59.172875
2015-09-18 00:00:00+00:00,56.62925
2015-09-19 00:00:00+00:00,47.473708333333335
2015-09-20 00:00:00+00:00,43.927791666666664
2015-09-21 00:00:00+00:00,51.306583333333336
2015-09-22 00:00:00+00:00,54.614125
2015-09-23 00:00:00+00:00,57.20516666666666
2015-09-24 00:00:00+00:00,57.97495833333333
2015-09-25 00:00:00+00:00,56.703375
2015-09-26 00:00:00+00:00,48.006375
2015-09-27 00:00:00+00:00,43.571666666666665
2015-09-28 00:00:00+00:00,56.79258333333333
2015-09-29 00:00:00+00:00,58.20220833333334
2015-09-30 00:00:00+00:00,57.957875
2015-10-01 00:00:00+00:00,57.64095833333334
2015-10-02 00:00:00+00:00,55.26716666666666
2015-10-03 00:00:00+00:00,44.22266666666666
2015-10-04 00:00:00+00:00,43.748375
2015-10-05 00:00:00+00:00,56.486916666666666
2015-10-06 00:00:00+00:00,59.20633333333333
2015-10-07 00:00:00+00:00,58.78554166666667
2015-10-08 00:00:00+00:00,58.32975
2015-10-09 00:00:00+00:00,57.07895833333333
2015-10-10 00:00:00+00:00,48.273125
2015-10-11 00:00:00+00:00,44.841208333333334
2015-10-12 00:00:00+00:00,57.76083333333334
2015-10-13 00:00:00+00:00,59.802958333333336
2015-10-14 00:00:00+00:00,60.64091666666666
2015-10-15 00:00:00+00:00,60.681333333333335
2015-10-16 00:00:00+00:00,59.136291666666665
2015-10-17 00:00:00+00:00,49.77970833333334
2015-10-18 00:00:00+00:00,45.90575
2015-10-19 00:00:00+00:00,58.641083333333334
2015-10-20 00:00:00+00:00,59.565666666666665
2015-10-21 00:00:00+00:00,59.534625
2015-10-22 00:00:00+00:00,60.01833333333334
2015-10-23 00:00:00+00:00,57.40225
2015-10-24 00:00:00+00:00,49.38433333333334
2015-10-25 00:00:00+00:00,45.801458333333336
2015-10-26 00:00:00+00:00,57.84016666666666
2015-10-27 00:00:00+00:00,59.58841666666667
2015-10-28 00:00:00+00:00,59.93575
2015-10-29 00:00:00+00:00,59.439375
2015-10-30 00:00:00+00:00,58.26016666666666
2015-10-31 00:00:00+00:00,48.95941666666666
2015-11-01 00:00:00+00:00,45.18783333333334
2015-11-02 00:00:00+00:00,58.564625
2015-11-03 00:00:00+00:00,60.39933333333334
2015-11-04 00:00:00+00:00,60.280541666666664
2015-11-05 00:00:00+00:00,59.68266666666666
2015-11-06 00:00:00+00:00,59.23475
2015-11-07 00:00:00+00:00,50.94795833333333
2015-11-08 00:00:00+00:00,46.36475
2015-11-09 00:00:00+00:00,60.6485
2015-11-10 00:00:00+00:00,62.25541666666666
2015-11-11 00:00:00+00:00,61.67129166666666
2015-11-12 00:00:00+00:00,61.73041666666666
2015-11-13 00:00:00+00:00,61.342666666666666
2015-11-14 00:00:00+00:00,52.78033333333334
2015-11-15 00:00:00+00:00,49.009875
2015-11-16 00:00:00+00:00,61.110458333333334
2015-11-17 00:00:00+00:00,63.02775
2015-11-18 00:00:00+00:00,63.23070833333333
2015-11-19 00:00:00+00:00,64.33029166666667
2015-11-20 00:00:00+00:00,61.756458333333335
2015-11-21 00:00:00+00:00,52.70166666666666
2015-11-22 00:00:00+00:00,49.517875
2015-11-23 00:00:00+00:00,62.39966666666666
2015-11-24 00:00:00+00:00,65.319375
2015-11-25 00:00:00+00:00,64.67283333333333
2015-11-26 00:00:00+00:00,63.633125
2015-11-27 00:00:00+00:00,62.68420833333334
2015-11-28 00:00:00+00:00,54.88175
2015-11-29 00:00:00+00:00,51.537708333333335
2015-11-30 00:00:00+00:00,63.836
2015-12-01 00:00:00+00:00,64.0515
2015-12-02 00:00:00+00:00,63.46675
2015-12-03 00:00:00+00:00,62.61833333333333
2015-12-04 00:00:00+00:00,63.002125
2015-12-05 00:00:00+00:00,53.950583333333334
2015-12-06 00:00:00+00:00,49.82145833333333
2015-12-07 00:00:00+00:00,61.320791666666665
2015-12-08 00:00:00+00:00,63.06425
2015-12-09 00:00:00+00:00,63.35766666666667
2015-12-10 00:00:00+00:00,64.46395833333334
2015-12-11 00:00:00+00:00,64.017625
2015-12-12 00:00:00+00:00,53.480958333333334
2015-12-13 00:00:00+00:00,49.64608333333334
2015-12-14 00:00:00+00:00,61.64179166666666
2015-12-15 00:00:00+00:00,62.2435
2015-12-16 00:00:00+00:00,62.457166666666666
2015-12-17 00:00:00+00:00,60.71845833333334
2015-12-18 00:00:00+00:00,59.03145833333333
2015-12-19 00:00:00+00:00,50.53991666666666
2015-12-20 00:00:00+00:00,46.762708333333336
2015-12-21 00:00:00+00:00,56.636541666666666
2015-12-22 00:00:00+00:00,55.864583333333336
2015-12-23 00:00:00+00:00,53.14179166666666
2015-12-24 00:00:00+00:00,45.127625
2015-12-25 00:00:00+00:00,41.58691666666667
2015-12-26 00:00:00+00:00,42.29954166666666
2015-12-27 00:00:00+00:00,43.11654166666666
2015-12-28 00:00:00+00:00,48.79541666666666
2015-12-29 00:00:00+00:00,49.32625
2015-12-30 00:00:00+00:00,49.744708333333335
2015-12-31 00:00:00+00:00,46.7805
2016-01-01 00:00:00+00:00,41.962875
2016-01-02 00:00:00+00:00,47.828916666666665
2016-01-03 00:00:00+00:00,47.10958333333333
2016-01-04 00:00:00+00:00,57.747083333333336
2016-01-05 00:00:00+00:00,59.58804166666666
2016-01-06 00:00:00+00:00,57.322041666666664
2016-01-07 00:00:00+00:00,61.69220833333333
2016-01-08 00:00:00+00:00,61.22304166666667
2016-01-09 00:00:00+00:00,51.520875
2016-01-10 00:00:00+00:00,47.21270833333334
2016-01-11 00:00:00+00:00,62.2415
2016-01-12 00:00:00+00:00,63.21083333333333
2016-01-13 00:00:00+00:00,63.54691666666666
2016-01-14 00:00:00+00:00,63.25516666666667
2016-01-15 00:00:00+00:00,63.155458333333335
2016-01-16 00:00:00+00:00,53.628
2016-01-17 00:00:00+00:00,50.3595
2016-01-18 00:00:00+00:00,64.06025
2016-01-19 00:00:00+00:00,65.79583333333333
2016-01-20 00:00:00+00:00,65.27270833333334
2016-01-21 00:00:00+00:00,64.963375
2016-01-22 00:00:00+00:00,64.513875
2016-01-23 00:00:00+00:00,54.760958333333335
2016-01-24 00:00:00+00:00,49.50570833333334
2016-01-25 00:00:00+00:00,61.34158333333333
2016-01-26 00:00:00+00:00,62.688375
2016-01-27 00:00:00+00:00,63.339083333333335
2016-01-28 00:00:00+00:00,62.525333333333336
2016-01-29 00:00:00+00:00,61.705625
2016-01-30 00:00:00+00:00,53.76433333333333
2016-01-31 00:00:00+00:00,48.93129166666667
2016-02-01 00:00:00+00:00,62.36816666666667
2016-02-02 00:00:00+00:00,63.58379166666666
2016-02-03 00:00:00+00:00,63.857416666666666
2016-02-04 00:00:00+00:00,63.42279166666666
2016-02-05 00:00:00+00:00,61.5985
2016-02-06 00:00:00+00:00,52.22441666666666
2016-02-07 00:00:00+00:00,48.25358333333334
2016-02-08 00:00:00+00:00,61.037958333333336
2016-02-09 00:00:00+00:00,62.695708333333336
2016-02-10 00:00:00+00:00,63.51208333333334
2016-02-11 00:00:00+00:00,62.558625
2016-02-12 00:00:00+00:00,61.12891666666666
2016-02-13 00:00:00+00:00,52.74341666666666
2016-02-14 00:00:00+00:00,49.137875
2016-02-15 00:00:00+00:00,62.476125
2016-02-16 00:00:00+00:00,63.3445
2016-02-17 00:00:00+00:00,63.96629166666666
2016-02-18 00:00:00+00:00,62.598958333333336
2016-02-19 00:00:00+00:00,62.535666666666664
2016-02-20 00:00:00+00:00,55.144666666666666
2016-02-21 00:00:00+00:00,49.67579166666666
2016-02-22 00:00:00+00:00,62.32991666666666
2016-02-23 00:00:00+00:00,62.849333333333334
2016-02-24 00:00:00+00:00,62.457458333333335
2016-02-25 00:00:00+00:00,62.516
2016-02-26 00:00:00+00:00,60.62175
2016-02-27 00:00:00+00:00,51.51525
2016-02-28 00:00:00+00:00,48.132375
2016-02-29 00:00:00+00:00,60.913833333333336
2016-03-01 00:00:00+00:00,63.349041666666665
2016-03-02 00:00:00+00:00,62.79354166666666
2016-03-03 00:00:00+00:00,62.240458333333336
2016-03-04 00:00:00+00:00,61.4345
2016-03-05 00:00:00+00:00,51.89116666666666
2016-03-06 00:00:00+00:00,48.268375
2016-03-07 00:00:00+00:00,60.55191666666666
2016-03-08 00:00:00+00:00,62.09345833333334
2016-03-09 00:00:00+00:00,62.3065
2016-03-10 00:00:00+00:00,61.490875
2016-03-11 00:00:00+00:00,60.92658333333333
2016-03-12 00:00:00+00:00,53.584666666666664
2016-03-13 00:00:00+00:00,50.0045
2016-03-14 00:00:00+00:00,60.122083333333336
2016-03-15 00:00:00+00:00,61.845166666666664
2016-03-16 00:00:00+00:00,61.82170833333333
2016-03-17 00:00:00+00:00,60.31625
2016-03-18 00:00:00+00:00,60.1525
2016-03-19 00:00:00+00:00,51.40270833333334
2016-03-20 00:00:00+00:00,47.68925
2016-03-21 00:00:00+00:00,60.024541666666664
2016-03-22 00:00:00+00:00,60.72770833333333
2016-03-23 00:00:00+00:00,60.51825
2016-03-24 00:00:00+00:00,59.13316666666667
2016-03-25 00:00:00+00:00,47.62195833333334
2016-03-26 00:00:00+00:00,46.882875
2016-03-27 00:00:00+00:00,43.21595833333333
2016-03-28 00:00:00+00:00,45.088625
2016-03-29 00:00:00+00:00,57.991375
2016-03-30 00:00:00+00:00,59.40425
2016-03-31 00:00:00+00:00,58.90441666666666
2016-04-01 00:00:00+00:00,58.101
2016-04-02 00:00:00+00:00,48.5945
2016-04-03 00:00:00+00:00,44.482375
2016-04-04 00:00:00+00:00,56.700125
2016-04-05 00:00:00+00:00,58.36516666666667
2016-04-06 00:00:00+00:00,59.532583333333335
2016-04-07 00:00:00+00:00,59.139916666666664
2016-04-08 00:00:00+00:00,57.65920833333334
2016-04-09 00:00:00+00:00,48.11625
2016-04-10 00:00:00+00:00,44.312
2016-04-11 00:00:00+00:00,57.140541666666664
2016-04-12 00:00:00+00:00,57.78966666666666
2016-04-13 00:00:00+00:00,58.447875
2016-04-14 00:00:00+00:00,58.32170833333333
2016-04-15 00:00:00+00:00,56.55525
2016-04-16 00:00:00+00:00,43.376583333333336
2016-04-17 00:00:00+00:00,40.421416666666666
2016-04-18 00:00:00+00:00,56.348333333333336
2016-04-19 00:00:00+00:00,58.394375
2016-04-20 00:00:00+00:00,57.557
2016-04-21 00:00:00+00:00,57.066125
2016-04-22 00:00:00+00:00,56.10908333333334
2016-04-23 00:00:00+00:00,47.4225
2016-04-24 00:00:00+00:00,40.78445833333333
2016-04-25 00:00:00+00:00,57.713375
2016-04-26 00:00:00+00:00,59.55258333333334
2016-04-27 00:00:00+00:00,60.70520833333334
2016-04-28 00:00:00+00:00,59.050916666666666
2016-04-29 00:00:00+00:00,57.450916666666664
2016-04-30 00:00:00+00:00,47.549875
2016-05-01 00:00:00+00:00,42.1645
2016-05-02 00:00:00+00:00,55.321875
2016-05-03 00:00:00+00:00,57.858666666666664
2016-05-04 00:00:00+00:00,56.626583333333336
2016-05-05 00:00:00+00:00,44.43675
2016-05-06 00:00:00+00:00,50.39066666666666
2016-05-07 00:00:00+00:00,46.34579166666666
2016-05-08 00:00:00+00:00,43.402458333333335
2016-05-09 00:00:00+00:00,56.73025
2016-05-10 00:00:00+00:00,57.458375
2016-05-11 00:00:00+00:00,57.75929166666666
2016-05-12 00:00:00+00:00,58.721916666666665
2016-05-13 00:00:00+00:00,56.44258333333334
2016-05-14 00:00:00+00:00,47.619708333333335
2016-05-15 00:00:00+00:00,42.08391666666667
2016-05-16 00:00:00+00:00,42.828625
2016-05-17 00:00:00+00:00,54.47020833333334
2016-05-18 00:00:00+00:00,57.192375
2016-05-19 00:00:00+00:00,57.540166666666664
2016-05-20 00:00:00+00:00,56.852291666666666
2016-05-21 00:00:00+00:00,47.597541666666665
2016-05-22 00:00:00+00:00,44.12983333333334
2016-05-23 00:00:00+00:00,56.562875
2016-05-24 00:00:00+00:00,58.095625
2016-05-25 00:00:00+00:00,56.77979166666666
2016-05-26 00:00:00+00:00,48.396375
2016-05-27 00:00:00+00:00,52.53808333333333
2016-05-28 00:00:00+00:00,46.812916666666666
2016-05-29 00:00:00+00:00,43.900333333333336
2016-05-30 00:00:00+00:00,57.08979166666666
2016-05-31 00:00:00+00:00,57.72895833333334
2016-06-01 00:00:00+00:00,57.98104166666666
2016-06-02 00:00:00+00:00,57.64004166666666
2016-06-03 00:00:00+00:00,56.193375
2016-06-04 00:00:00+00:00,47.156125
2016-06-05 00:00:00+00:00,43.62983333333334
2016-06-06 00:00:00+00:00,56.235458333333334
2016-06-07 00:00:00+00:00,57.294875
2016-06-08 00:00:00+00:00,57.29295833333334
2016-06-09 00:00:00+00:00,56.94541666666667
2016-06-10 00:00:00+00:00,55.729416666666665
2016-06-11 00:00:00+00:00,46.5565
2016-06-12 00:00:00+00:00,43.724125
2016-06-13 00:00:00+00:00,56.17454166666666
2016-06-14 00:00:00+00:00,57.07758333333334
2016-06-15 00:00:00+00:00,57.11508333333334
2016-06-16 00:00:00+00:00,57.3625
2016-06-17 00:00:00+00:00,56.585541666666664
2016-06-18 00:00:00+00:00,47.32729166666667
2016-06-19 00:00:00+00:00,43.43975
2016-06-20 00:00:00+00:00,55.88
2016-06-21 00:00:00+00:00,56.18816666666667
2016-06-22 00:00:00+00:00,57.089416666666665
2016-06-23 00:00:00+00:00,57.964666666666666
2016-06-24 00:00:00+00:00,57.53554166666667
2016-06-25 00:00:00+00:00,48.28666666666666
2016-06-26 00:00:00+00:00,43.616708333333335
2016-06-27 00:00:00+00:00,56.740208333333335
2016-06-28 00:00:00+00:00,57.22233333333334
2016-06-29 00:00:00+00:00,58.12708333333334
2016-06-30 00:00:00+00:00,57.79208333333334
2016-07-01 00:00:00+00:00,56.642125
2016-07-02 00:00:00+00:00,47.667458333333336
2016-07-03 00:00:00+00:00,43.16125
2016-07-04 00:00:00+00:00,55.76954166666666
2016-07-05 00:00:00+00:00,58.216791666666666
2016-07-06 00:00:00+00:00,58.20491666666666
2016-07-07 00:00:00+00:00,56.85545833333334
2016-07-08 00:00:00+00:00,56.82225
2016-07-09 00:00:00+00:00,47.740541666666665
2016-07-10 00:00:00+00:00,44.388
2016-07-11 00:00:00+00:00,57.290333333333336
2016-07-12 00:00:00+00:00,57.48679166666666
2016-07-13 00:00:00+00:00,56.53725
2016-07-14 00:00:00+00:00,57.050333333333334
2016-07-15 00:00:00+00:00,55.699083333333334
2016-07-16 00:00:00+00:00,46.61120833333334
2016-07-17 00:00:00+00:00,43.48908333333333
2016-07-18 00:00:00+00:00,55.820375
2016-07-19 00:00:00+00:00,57.208
2016-07-20 00:00:00+00:00,58.226166666666664
2016-07-21 00:00:00+00:00,57.67270833333333
2016-07-22 00:00:00+00:00,56.18783333333334
2016-07-23 00:00:00+00:00,47.087208333333336
2016-07-24 00:00:00+00:00,43.184875
2016-07-25 00:00:00+00:00,56.16733333333334
2016-07-26 00:00:00+00:00,56.837916666666665
2016-07-27 00:00:00+00:00,56.54183333333334
2016-07-28 00:00:00+00:00,56.08945833333333
2016-07-29 00:00:00+00:00,54.69316666666666
2016-07-30 00:00:00+00:00,46.388083333333334
2016-07-31 00:00:00+00:00,42.48945833333334
2016-08-01 00:00:00+00:00,53.6265
2016-08-02 00:00:00+00:00,55.44558333333334
2016-08-03 00:00:00+00:00,56.31975
2016-08-04 00:00:00+00:00,56.144083333333334
2016-08-05 00:00:00+00:00,53.937041666666666
2016-08-06 00:00:00+00:00,45.33575
2016-08-07 00:00:00+00:00,42.028125
2016-08-08 00:00:00+00:00,54.890625
2016-08-09 00:00:00+00:00,54.89066666666666
2016-08-10 00:00:00+00:00,54.714708333333334
2016-08-11 00:00:00+00:00,54.53404166666667
2016-08-12 00:00:00+00:00,54.24154166666666
2016-08-13 00:00:00+00:00,46.34070833333334
2016-08-14 00:00:00+00:00,42.0905
2016-08-15 00:00:00+00:00,52.324416666666664
2016-08-16 00:00:00+00:00,54.80983333333334
2016-08-17 00:00:00+00:00,55.035
2016-08-18 00:00:00+00:00,55.506083333333336
2016-08-19 00:00:00+00:00,54.511
2016-08-20 00:00:00+00:00,47.032666666666664
2016-08-21 00:00:00+00:00,42.961708333333334
2016-08-22 00:00:00+00:00,55.88220833333334
2016-08-23 00:00:00+00:00,56.60058333333333
2016-08-24 00:00:00+00:00,56.948791666666665
2016-08-25 00:00:00+00:00,57.161125
2016-08-26 00:00:00+00:00,56.58566666666666
2016-08-27 00:00:00+00:00,48.218833333333336
2016-08-28 00:00:00+00:00,44.48858333333334
2016-08-29 00:00:00+00:00,57.48291666666666
2016-08-30 00:00:00+00:00,56.8305
2016-08-31 00:00:00+00:00,56.55629166666667
2016-09-01 00:00:00+00:00,56.53604166666666
2016-09-02 00:00:00+00:00,55.356625
2016-09-03 00:00:00+00:00,46.154333333333334
2016-09-04 00:00:00+00:00,44.018125
2016-09-05 00:00:00+00:00,56.03658333333333
2016-09-06 00:00:00+00:00,56.443625
2016-09-07 00:00:00+00:00,56.77404166666666
2016-09-08 00:00:00+00:00,57.380875
2016-09-09 00:00:00+00:00,55.86633333333334
2016-09-10 00:00:00+00:00,46.373333333333335
2016-09-11 00:00:00+00:00,42.966208333333334
2016-09-12 00:00:00+00:00,56.29075
2016-09-13 00:00:00+00:00,57.55275
2016-09-14 00:00:00+00:00,57.84258333333334
2016-09-15 00:00:00+00:00,57.632375
2016-09-16 00:00:00+00:00,55.574125
2016-09-17 00:00:00+00:00,45.428958333333334
2016-09-18 00:00:00+00:00,38.952666666666666
2016-09-19 00:00:00+00:00,54.87866666666667
2016-09-20 00:00:00+00:00,56.29241666666666
2016-09-21 00:00:00+00:00,55.93075
2016-09-22 00:00:00+00:00,55.747083333333336
2016-09-23 00:00:00+00:00,55.28191666666667
2016-09-24 00:00:00+00:00,46.237875
2016-09-25 00:00:00+00:00,42.93675
2016-09-26 00:00:00+00:00,56.046166666666664
2016-09-27 00:00:00+00:00,57.261041666666664
2016-09-28 00:00:00+00:00,58.475
2016-09-29 00:00:00+00:00,59.080041666666666
2016-09-30 00:00:00+00:00,57.06433333333334
2016-10-01 00:00:00+00:00,47.39475
2016-10-02 00:00:00+00:00,43.27670833333334
2016-10-03 00:00:00+00:00,44.247375
2016-10-04 00:00:00+00:00,57.70045833333334
2016-10-05 00:00:00+00:00,59.349125
2016-10-06 00:00:00+00:00,60.80325
2016-10-07 00:00:00+00:00,59.01595833333334
2016-10-08 00:00:00+00:00,49.594458333333336
2016-10-09 00:00:00+00:00,46.19670833333333
2016-10-10 00:00:00+00:00,58.566625
2016-10-11 00:00:00+00:00,60.396
2016-10-12 00:00:00+00:00,60.638333333333335
2016-10-13 00:00:00+00:00,61.055458333333334
2016-10-14 00:00:00+00:00,59.44541666666667
2016-10-15 00:00:00+00:00,49.86895833333334
2016-10-16 00:00:00+00:00,45.474625
2016-10-17 00:00:00+00:00,58.995375
2016-10-18 00:00:00+00:00,60.51058333333334
2016-10-19 00:00:00+00:00,61.03633333333334
2016-10-20 00:00:00+00:00,61.26708333333334
2016-10-21 00:00:00+00:00,59.86029166666666
2016-10-22 00:00:00+00:00,50.278083333333335
2016-10-23 00:00:00+00:00,46.586083333333335
2016-10-24 00:00:00+00:00,60.36108333333333
2016-10-25 00:00:00+00:00,60.81070833333334
2016-10-26 00:00:00+00:00,60.35041666666667
2016-10-27 00:00:00+00:00,60.711416666666665
2016-10-28 00:00:00+00:00,59.883916666666664
2016-10-29 00:00:00+00:00,49.868541666666665
2016-10-30 00:00:00+00:00,45.493125
2016-10-31 00:00:00+00:00,53.28545833333334
2016-11-01 00:00:00+00:00,51.899625
2016-11-02 00:00:00+00:00,62.055458333333334
2016-11-03 00:00:00+00:00,62.976791666666664
2016-11-04 00:00:00+00:00,61.052625
2016-11-05 00:00:00+00:00,52.399
2016-11-06 00:00:00+00:00,48.539791666666666
2016-11-07 00:00:00+00:00,61.622791666666664
2016-11-08 00:00:00+00:00,63.31758333333334
2016-11-09 00:00:00+00:00,63.72870833333334
2016-11-10 00:00:00+00:00,63.62866666666667
2016-11-11 00:00:00+00:00,63.14191666666667
2016-11-12 00:00:00+00:00,53.9785
2016-11-13 00:00:00+00:00,50.099625
2016-11-14 00:00:00+00:00,63.08775
2016-11-15 00:00:00+00:00,64.749375
2016-11-16 00:00:00+00:00,63.8585
2016-11-17 00:00:00+00:00,63.84283333333334
2016-11-18 00:00:00+00:00,62.995333333333335
2016-11-19 00:00:00+00:00,53.48141666666666
2016-11-20 00:00:00+00:00,49.89
2016-11-21 00:00:00+00:00,62.47345833333333
2016-11-22 00:00:00+00:00,62.66195833333334
2016-11-23 00:00:00+00:00,62.46341666666667
2016-11-24 00:00:00+00:00,63.322541666666666
2016-11-25 00:00:00+00:00,62.444041666666664
2016-11-26 00:00:00+00:00,53.299458333333334
2016-11-27 00:00:00+00:00,49.073125
2016-11-28 00:00:00+00:00,63.23220833333333
2016-11-29 00:00:00+00:00,65.10695833333334
2016-11-30 00:00:00+00:00,65.78645833333333
2016-12-01 00:00:00+00:00,65.655875
2016-12-02 00:00:00+00:00,63.296
2016-12-03 00:00:00+00:00,54.09704166666666
2016-12-04 00:00:00+00:00,51.21158333333334
2016-12-05 00:00:00+00:00,64.29508333333334
2016-12-06 00:00:00+00:00,66.34770833333333
2016-12-07 00:00:00+00:00,66.87575
2016-12-08 00:00:00+00:00,65.14975
2016-12-09 00:00:00+00:00,63.071583333333336
2016-12-10 00:00:00+00:00,53.289375
2016-12-11 00:00:00+00:00,50.62779166666667
2016-12-12 00:00:00+00:00,63.231
2016-12-13 00:00:00+00:00,64.36029166666667
2016-12-14 00:00:00+00:00,63.857083333333335
2016-12-15 00:00:00+00:00,64.30941666666666
2016-12-16 00:00:00+00:00,62.809583333333336
2016-12-17 00:00:00+00:00,54.1825
2016-12-18 00:00:00+00:00,50.102875
2016-12-19 00:00:00+00:00,61.878083333333336
2016-12-20 00:00:00+00:00,63.01575
2016-12-21 00:00:00+00:00,62.729791666666664
2016-12-22 00:00:00+00:00,60.62954166666666
2016-12-23 00:00:00+00:00,55.95308333333334
2016-12-24 00:00:00+00:00,47.802625
2016-12-25 00:00:00+00:00,44.375375
2016-12-26 00:00:00+00:00,44.98529166666666
2016-12-27 00:00:00+00:00,52.172666666666665
2016-12-28 00:00:00+00:00,51.208958333333335
2016-12-29 00:00:00+00:00,51.10554166666667
2016-12-30 00:00:00+00:00,51.09425
2016-12-31 00:00:00+00:00,47.78783333333334
2017-01-01 00:00:00+00:00,42.45104166666666
2017-01-02 00:00:00+00:00,56.267833333333336
2017-01-03 00:00:00+00:00,62.519708333333334
2017-01-04 00:00:00+00:00,63.66395833333333
2017-01-05 00:00:00+00:00,62.55370833333333
2017-01-06 00:00:00+00:00,59.85120833333333
2017-01-07 00:00:00+00:00,56.25454166666666
2017-01-08 00:00:00+00:00,51.209208333333336
2017-01-09 00:00:00+00:00,63.91283333333334
2017-01-10 00:00:00+00:00,65.78225
2017-01-11 00:00:00+00:00,66.86579166666667
2017-01-12 00:00:00+00:00,65.49604166666667
2017-01-13 00:00:00+00:00,65.50558333333333
2017-01-14 00:00:00+00:00,56.0655
2017-01-15 00:00:00+00:00,52.007625
2017-01-16 00:00:00+00:00,64.84858333333334
2017-01-17 00:00:00+00:00,66.549125
2017-01-18 00:00:00+00:00,66.76491666666666
2017-01-19 00:00:00+00:00,66.73145833333332
2017-01-20 00:00:00+00:00,65.30366666666666
2017-01-21 00:00:00+00:00,56.39566666666666
2017-01-22 00:00:00+00:00,52.545125
2017-01-23 00:00:00+00:00,66.27825
2017-01-24 00:00:00+00:00,67.23241666666667
2017-01-25 00:00:00+00:00,67.025375
2017-01-26 00:00:00+00:00,66.59520833333333
2017-01-27 00:00:00+00:00,65.748
2017-01-28 00:00:00+00:00,56.3825
2017-01-29 00:00:00+00:00,52.231375
2017-01-30 00:00:00+00:00,65.04895833333333
2017-01-31 00:00:00+00:00,64.98983333333334
2017-02-01 00:00:00+00:00,65.305625
2017-02-02 00:00:00+00:00,64.87433333333334
2017-02-03 00:00:00+00:00,63.08925
2017-02-04 00:00:00+00:00,54.281416666666665
2017-02-05 00:00:00+00:00,49.74583333333334
2017-02-06 00:00:00+00:00,63.050041666666665
2017-02-07 00:00:00+00:00,65.30145833333333
2017-02-08 00:00:00+00:00,65.569125
2017-02-09 00:00:00+00:00,65.93920833333333
2017-02-10 00:00:00+00:00,65.32933333333334
2017-02-11 00:00:00+00:00,55.74254166666667
2017-02-12 00:00:00+00:00,51.639541666666666
2017-02-13 00:00:00+00:00,65.0445
2017-02-14 00:00:00+00:00,64.89829166666667
2017-02-15 00:00:00+00:00,64.05016666666667
2017-02-16 00:00:00+00:00,63.934083333333334
2017-02-17 00:00:00+00:00,63.2325
2017-02-18 00:00:00+00:00,53.578375
2017-02-19 00:00:00+00:00,49.923625
2017-02-20 00:00:00+00:00,63.835125
2017-02-21 00:00:00+00:00,64.14079166666666
2017-02-22 00:00:00+00:00,65.20425
2017-02-23 00:00:00+00:00,64.2175
2017-02-24 00:00:00+00:00,62.28091666666666
2017-02-25 00:00:00+00:00,53.06641666666666
2017-02-26 00:00:00+00:00,48.424166666666665
2017-02-27 00:00:00+00:00,59.73520833333333
2017-02-28 00:00:00+00:00,62.87558333333334
2017-03-01 00:00:00+00:00,63.212291666666665
2017-03-02 00:00:00+00:00,64.10304166666667
2017-03-03 00:00:00+00:00,60.8605
2017-03-04 00:00:00+00:00,51.013083333333334
2017-03-05 00:00:00+00:00,48.42679166666667
2017-03-06 00:00:00+00:00,61.275083333333335
2017-03-07 00:00:00+00:00,62.927791666666664
2017-03-08 00:00:00+00:00,63.8005
2017-03-09 00:00:00+00:00,62.931416666666664
2017-03-10 00:00:00+00:00,60.78904166666666
2017-03-11 00:00:00+00:00,51.493208333333335
2017-03-12 00:00:00+00:00,47.444375
2017-03-13 00:00:00+00:00,59.581583333333334
2017-03-14 00:00:00+00:00,60.766
2017-03-15 00:00:00+00:00,60.760125
2017-03-16 00:00:00+00:00,59.812625
2017-03-17 00:00:00+00:00,59.817708333333336
2017-03-18 00:00:00+00:00,52.99475
2017-03-19 00:00:00+00:00,49.469791666666666
2017-03-20 00:00:00+00:00,60.64695833333334
2017-03-21 00:00:00+00:00,61.21075
2017-03-22 00:00:00+00:00,61.71958333333333
2017-03-23 00:00:00+00:00,60.97304166666667
2017-03-24 00:00:00+00:00,59.97195833333333
2017-03-25 00:00:00+00:00,49.952875
2017-03-26 00:00:00+00:00,45.326125
2017-03-27 00:00:00+00:00,58.5555
2017-03-28 00:00:00+00:00,58.9755
2017-03-29 00:00:00+00:00,59.85904166666666
2017-03-30 00:00:00+00:00,58.917833333333334
2017-03-31 00:00:00+00:00,57.64725
2017-04-01 00:00:00+00:00,47.95258333333334
2017-04-02 00:00:00+00:00,43.991083333333336
2017-04-03 00:00:00+00:00,57.14095833333334
2017-04-04 00:00:00+00:00,57.70379166666667
2017-04-05 00:00:00+00:00,59.414791666666666
2017-04-06 00:00:00+00:00,59.652125
2017-04-07 00:00:00+00:00,58.65229166666666
2017-04-08 00:00:00+00:00,48.65204166666666
2017-04-09 00:00:00+00:00,44.65120833333334
2017-04-10 00:00:00+00:00,58.191541666666666
2017-04-11 00:00:00+00:00,58.739041666666665
2017-04-12 00:00:00+00:00,59.416
2017-04-13 00:00:00+00:00,57.75395833333334
2017-04-14 00:00:00+00:00,45.338625
2017-04-15 00:00:00+00:00,46.987833333333334
2017-04-16 00:00:00+00:00,42.38695833333333
2017-04-17 00:00:00+00:00,43.53420833333334
2017-04-18 00:00:00+00:00,58.226791666666664
2017-04-19 00:00:00+00:00,59.58266666666666
2017-04-20 00:00:00+00:00,59.471041666666665
2017-04-21 00:00:00+00:00,59.09379166666666
2017-04-22 00:00:00+00:00,50.77920833333334
2017-04-23 00:00:00+00:00,46.566
2017-04-24 00:00:00+00:00,59.1775
2017-04-25 00:00:00+00:00,60.09245833333333
2017-04-26 00:00:00+00:00,60.271208333333334
2017-04-27 00:00:00+00:00,60.07058333333334
2017-04-28 00:00:00+00:00,58.769041666666666
2017-04-29 00:00:00+00:00,47.949375
2017-04-30 00:00:00+00:00,44.38729166666666
2017-05-01 00:00:00+00:00,44.967625
2017-05-02 00:00:00+00:00,59.108875
2017-05-03 00:00:00+00:00,59.95370833333334
2017-05-04 00:00:00+00:00,60.697541666666666
2017-05-05 00:00:00+00:00,58.20783333333333
2017-05-06 00:00:00+00:00,48.58058333333334
2017-05-07 00:00:00+00:00,45.074708333333334
2017-05-08 00:00:00+00:00,58.566208333333336
2017-05-09 00:00:00+00:00,57.90708333333333
2017-05-10 00:00:00+00:00,57.68429166666667
2017-05-11 00:00:00+00:00,57.571333333333335
2017-05-12 00:00:00+00:00,56.946666666666665
2017-05-13 00:00:00+00:00,47.96629166666666
2017-05-14 00:00:00+00:00,43.566583333333334
2017-05-15 00:00:00+00:00,56.26795833333333
2017-05-16 00:00:00+00:00,58.017916666666665
2017-05-17 00:00:00+00:00,58.34466666666666
2017-05-18 00:00:00+00:00,58.39041666666667
2017-05-19 00:00:00+00:00,57.26029166666667
2017-05-20 00:00:00+00:00,47.60183333333334
2017-05-21 00:00:00+00:00,43.46475
2017-05-22 00:00:00+00:00,55.87495833333334
2017-05-23 00:00:00+00:00,57.652208333333334
2017-05-24 00:00:00+00:00,56.702083333333334
2017-05-25 00:00:00+00:00,44.15825
2017-05-26 00:00:00+00:00,50.03875
2017-05-27 00:00:00+00:00,46.582541666666664
2017-05-28 00:00:00+00:00,43.983041666666665
2017-05-29 00:00:00+00:00,57.27075
2017-05-30 00:00:00+00:00,58.59579166666666
2017-05-31 00:00:00+00:00,58.046875
2017-06-01 00:00:00+00:00,56.87970833333333
2017-06-02 00:00:00+00:00,56.23891666666666
2017-06-03 00:00:00+00:00,46.946
2017-06-04 00:00:00+00:00,41.241791666666664
2017-06-05 00:00:00+00:00,41.85870833333333
2017-06-06 00:00:00+00:00,56.350875
2017-06-07 00:00:00+00:00,58.59525
2017-06-08 00:00:00+00:00,56.90020833333334
2017-06-09 00:00:00+00:00,56.61729166666667
2017-06-10 00:00:00+00:00,47.197583333333334
2017-06-11 00:00:00+00:00,44.17641666666666
2017-06-12 00:00:00+00:00,57.93233333333333
2017-06-13 00:00:00+00:00,58.05254166666666
2017-06-14 00:00:00+00:00,56.17520833333334
2017-06-15 00:00:00+00:00,49.79445833333334
2017-06-16 00:00:00+00:00,53.9615
2017-06-17 00:00:00+00:00,47.197291666666665
2017-06-18 00:00:00+00:00,43.88829166666667
2017-06-19 00:00:00+00:00,57.3775
2017-06-20 00:00:00+00:00,59.06604166666666
2017-06-21 00:00:00+00:00,58.56220833333334
2017-06-22 00:00:00+00:00,59.808125
2017-06-23 00:00:00+00:00,58.642125
2017-06-24 00:00:00+00:00,49.25066666666667
2017-06-25 00:00:00+00:00,45.04258333333333
2017-06-26 00:00:00+00:00,57.29991666666666
2017-06-27 00:00:00+00:00,57.87379166666666
2017-06-28 00:00:00+00:00,58.16708333333334
2017-06-29 00:00:00+00:00,57.821416666666664
2017-06-30 00:00:00+00:00,57.362458333333336
2017-07-01 00:00:00+00:00,48.077625
2017-07-02 00:00:00+00:00,44.26775
2017-07-03 00:00:00+00:00,56.204541666666664
2017-07-04 00:00:00+00:00,57.774166666666666
2017-07-05 00:00:00+00:00,58.29895833333334
2017-07-06 00:00:00+00:00,58.66104166666666
2017-07-07 00:00:00+00:00,58.294666666666664
2017-07-08 00:00:00+00:00,49.07458333333334
2017-07-09 00:00:00+00:00,44.635333333333335
2017-07-10 00:00:00+00:00,57.949375
2017-07-11 00:00:00+00:00,58.49845833333334
2017-07-12 00:00:00+00:00,58.837625
2017-07-13 00:00:00+00:00,57.462583333333335
2017-07-14 00:00:00+00:00,56.63558333333334
2017-07-15 00:00:00+00:00,47.271208333333334
2017-07-16 00:00:00+00:00,43.809333333333335
2017-07-17 00:00:00+00:00,56.437416666666664
2017-07-18 00:00:00+00:00,57.838625
2017-07-19 00:00:00+00:00,58.52008333333334
2017-07-20 00:00:00+00:00,57.685583333333334
2017-07-21 00:00:00+00:00,56.22904166666667
2017-07-22 00:00:00+00:00,47.738166666666665
2017-07-23 00:00:00+00:00,43.2845
2017-07-24 00:00:00+00:00,55.18266666666666
2017-07-25 00:00:00+00:00,56.80795833333334
2017-07-26 00:00:00+00:00,56.87375
2017-07-27 00:00:00+00:00,56.98941666666666
2017-07-28 00:00:00+00:00,54.86933333333334
2017-07-29 00:00:00+00:00,46.7175
2017-07-30 00:00:00+00:00,43.626
2017-07-31 00:00:00+00:00,55.209583333333335
2017-08-01 00:00:00+00:00,56.60308333333334
2017-08-02 00:00:00+00:00,56.55204166666667
2017-08-03 00:00:00+00:00,57.424166666666665
2017-08-04 00:00:00+00:00,55.933791666666664
2017-08-05 00:00:00+00:00,46.095416666666665
2017-08-06 00:00:00+00:00,41.732458333333334
2017-08-07 00:00:00+00:00,53.991416666666666
2017-08-08 00:00:00+00:00,56.07454166666666
2017-08-09 00:00:00+00:00,56.393791666666665
2017-08-10 00:00:00+00:00,55.92825
2017-08-11 00:00:00+00:00,54.768208333333334
2017-08-12 00:00:00+00:00,45.791
2017-08-13 00:00:00+00:00,41.864583333333336
2017-08-14 00:00:00+00:00,53.286791666666666
2017-08-15 00:00:00+00:00,54.33566666666666
2017-08-16 00:00:00+00:00,55.900375
2017-08-17 00:00:00+00:00,56.63733333333334
2017-08-18 00:00:00+00:00,55.79654166666666
2017-08-19 00:00:00+00:00,46.37820833333333
2017-08-20 00:00:00+00:00,42.518875
2017-08-21 00:00:00+00:00,54.77475
2017-08-22 00:00:00+00:00,55.192791666666665
2017-08-23 00:00:00+00:00,55.661125
2017-08-24 00:00:00+00:00,56.522875
2017-08-25 00:00:00+00:00,55.3145
2017-08-26 00:00:00+00:00,46.587666666666664
2017-08-27 00:00:00+00:00,42.94620833333334
2017-08-28 00:00:00+00:00,55.36995833333334
2017-08-29 00:00:00+00:00,56.884083333333336
2017-08-30 00:00:00+00:00,57.66795833333334
2017-08-31 00:00:00+00:00,56.90804166666666
2017-09-01 00:00:00+00:00,54.6795
2017-09-02 00:00:00+00:00,45.57366666666666
2017-09-03 00:00:00+00:00,42.228291666666664
2017-09-04 00:00:00+00:00,55.084916666666665
2017-09-05 00:00:00+00:00,56.70016666666666
2017-09-06 00:00:00+00:00,57.978791666666666
2017-09-07 00:00:00+00:00,56.667125
2017-09-08 00:00:00+00:00,57.337875
2017-09-09 00:00:00+00:00,47.687
2017-09-10 00:00:00+00:00,43.63333333333333
2017-09-11 00:00:00+00:00,57.45670833333334
2017-09-12 00:00:00+00:00,58.43845833333334
2017-09-13 00:00:00+00:00,60.10933333333334
2017-09-14 00:00:00+00:00,59.44195833333334
2017-09-15 00:00:00+00:00,57.028083333333335
2017-09-16 00:00:00+00:00,47.61175
2017-09-17 00:00:00+00:00,43.835166666666666
2017-09-18 00:00:00+00:00,56.91220833333334
2017-09-19 00:00:00+00:00,57.77704166666666
2017-09-20 00:00:00+00:00,57.980916666666666
2017-09-21 00:00:00+00:00,57.540375
2017-09-22 00:00:00+00:00,56.65533333333334
2017-09-23 00:00:00+00:00,48.058708333333335
2017-09-24 00:00:00+00:00,44.714708333333334
2017-09-25 00:00:00+00:00,57.578583333333334
2017-09-26 00:00:00+00:00,58.137375
2017-09-27 00:00:00+00:00,58.60191666666667
2017-09-28 00:00:00+00:00,58.784083333333335
2017-09-29 00:00:00+00:00,57.7955
2017-09-30 00:00:00+00:00,48.875625
2017-10-01 00:00:00+00:00,43.88075
2017-10-02 00:00:00+00:00,53.504
2017-10-03 00:00:00+00:00,47.43420833333334
2017-10-04 00:00:00+00:00,58.43566666666666
2017-10-05 00:00:00+00:00,59.91404166666666
2017-10-06 00:00:00+00:00,59.430625
2017-10-07 00:00:00+00:00,50.137375
2017-10-08 00:00:00+00:00,46.06570833333333
2017-10-09 00:00:00+00:00,59.064
2017-10-10 00:00:00+00:00,60.627541666666666
2017-10-11 00:00:00+00:00,60.687916666666666
2017-10-12 00:00:00+00:00,60.63570833333333
2017-10-13 00:00:00+00:00,58.98795833333334
2017-10-14 00:00:00+00:00,49.52579166666666
2017-10-15 00:00:00+00:00,44.804875
2017-10-16 00:00:00+00:00,58.314791666666665
2017-10-17 00:00:00+00:00,60.35633333333334
2017-10-18 00:00:00+00:00,59.983125
2017-10-19 00:00:00+00:00,59.9345
2017-10-20 00:00:00+00:00,60.045541666666665
2017-10-21 00:00:00+00:00,50.42104166666667
2017-10-22 00:00:00+00:00,46.84583333333334
2017-10-23 00:00:00+00:00,60.15891666666666
2017-10-24 00:00:00+00:00,61.30045833333334
2017-10-25 00:00:00+00:00,61.67270833333333
2017-10-26 00:00:00+00:00,60.79991666666666
2017-10-27 00:00:00+00:00,59.72025
2017-10-28 00:00:00+00:00,51.60516666666666
2017-10-29 00:00:00+00:00,48.556583333333336
2017-10-30 00:00:00+00:00,54.097208333333334
2017-10-31 00:00:00+00:00,48.60475
2017-11-01 00:00:00+00:00,54.44408333333334
2017-11-02 00:00:00+00:00,59.76466666666666
2017-11-03 00:00:00+00:00,59.276125
2017-11-04 00:00:00+00:00,52.15120833333334
2017-11-05 00:00:00+00:00,47.615916666666664
2017-11-06 00:00:00+00:00,60.700833333333335
2017-11-07 00:00:00+00:00,62.541666666666664
2017-11-08 00:00:00+00:00,62.060583333333334
2017-11-09 00:00:00+00:00,62.39995833333334
2017-11-10 00:00:00+00:00,62.80970833333333
2017-11-11 00:00:00+00:00,54.08529166666666
2017-11-12 00:00:00+00:00,49.87445833333334
2017-11-13 00:00:00+00:00,62.14791666666667
2017-11-14 00:00:00+00:00,63.51091666666667
2017-11-15 00:00:00+00:00,62.013958333333335
2017-11-16 00:00:00+00:00,63.935583333333334
2017-11-17 00:00:00+00:00,62.85066666666666
2017-11-18 00:00:00+00:00,55.07383333333333
2017-11-19 00:00:00+00:00,50.32279166666667
2017-11-20 00:00:00+00:00,63.578833333333336
2017-11-21 00:00:00+00:00,63.96845833333334
2017-11-22 00:00:00+00:00,63.62425
2017-11-23 00:00:00+00:00,64.81929166666666
2017-11-24 00:00:00+00:00,62.91583333333334
2017-11-25 00:00:00+00:00,54.52183333333333
2017-11-26 00:00:00+00:00,51.46333333333334
2017-11-27 00:00:00+00:00,65.76995833333334
2017-11-28 00:00:00+00:00,65.86858333333333
2017-11-29 00:00:00+00:00,64.42875
2017-11-30 00:00:00+00:00,64.82345833333333
2017-12-01 00:00:00+00:00,63.594791666666666
2017-12-02 00:00:00+00:00,55.955375
2017-12-03 00:00:00+00:00,53.26929166666667
2017-12-04 00:00:00+00:00,66.09108333333333
2017-12-05 00:00:00+00:00,66.87204166666668
2017-12-06 00:00:00+00:00,66.57358333333333
2017-12-07 00:00:00+00:00,66.60729166666667
2017-12-08 00:00:00+00:00,65.81375
2017-12-09 00:00:00+00:00,56.870958333333334
2017-12-10 00:00:00+00:00,53.025
2017-12-11 00:00:00+00:00,65.65029166666667
2017-12-12 00:00:00+00:00,67.11920833333333
2017-12-13 00:00:00+00:00,67.24179166666667
2017-12-14 00:00:00+00:00,67.12995833333333
2017-12-15 00:00:00+00:00,63.857458333333334
2017-12-16 00:00:00+00:00,55.764833333333335
2017-12-17 00:00:00+00:00,52.230291666666666
2017-12-18 00:00:00+00:00,64.115375
2017-12-19 00:00:00+00:00,64.19445833333333
2017-12-20 00:00:00+00:00,62.726875
2017-12-21 00:00:00+00:00,61.405458333333335
2017-12-22 00:00:00+00:00,57.337583333333335
2017-12-23 00:00:00+00:00,50.627583333333334
2017-12-24 00:00:00+00:00,45.24175
2017-12-25 00:00:00+00:00,44.17941666666666
2017-12-26 00:00:00+00:00,45.34054166666667
2017-12-27 00:00:00+00:00,51.04354166666666
2017-12-28 00:00:00+00:00,52.45475
2017-12-29 00:00:00+00:00,51.91558333333334
2017-12-30 00:00:00+00:00,48.391416666666665
2017-12-31 00:00:00+00:00,44.241375
2018-01-01 00:00:00+00:00,44.307
2018-01-02 00:00:00+00:00,56.79116666666666
2018-01-03 00:00:00+00:00,61.558375
2018-01-04 00:00:00+00:00,61.141958333333335
2018-01-05 00:00:00+00:00,59.83558333333333
2018-01-06 00:00:00+00:00,51.077666666666666
2018-01-07 00:00:00+00:00,49.297291666666666
2018-01-08 00:00:00+00:00,63.48533333333334
2018-01-09 00:00:00+00:00,64.59916666666666
2018-01-10 00:00:00+00:00,62.43904166666666
2018-01-11 00:00:00+00:00,62.770208333333336
2018-01-12 00:00:00+00:00,62.106458333333336
2018-01-13 00:00:00+00:00,54.29558333333333
2018-01-14 00:00:00+00:00,50.66854166666666
2018-01-15 00:00:00+00:00,65.21054166666667
2018-01-16 00:00:00+00:00,66.33558333333333
2018-01-17 00:00:00+00:00,66.81391666666667
2018-01-18 00:00:00+00:00,66.50629166666667
2018-01-19 00:00:00+00:00,63.242958333333334
2018-01-20 00:00:00+00:00,54.63845833333333
2018-01-21 00:00:00+00:00,50.330125
2018-01-22 00:00:00+00:00,63.07425
2018-01-23 00:00:00+00:00,64.29041666666666
2018-01-24 00:00:00+00:00,64.896625
2018-01-25 00:00:00+00:00,63.510041666666666
2018-01-26 00:00:00+00:00,61.582625
2018-01-27 00:00:00+00:00,53.38120833333333
2018-01-28 00:00:00+00:00,50.16245833333333
2018-01-29 00:00:00+00:00,63.5755
2018-01-30 00:00:00+00:00,64.00016666666666
2018-01-31 00:00:00+00:00,65.509375
2018-02-01 00:00:00+00:00,65.081125
2018-02-02 00:00:00+00:00,63.376041666666666
2018-02-03 00:00:00+00:00,53.671416666666666
2018-02-04 00:00:00+00:00,50.49904166666666
2018-02-05 00:00:00+00:00,63.101875
2018-02-06 00:00:00+00:00,64.14266666666667
2018-02-07 00:00:00+00:00,65.02983333333333
2018-02-08 00:00:00+00:00,64.84595833333334
2018-02-09 00:00:00+00:00,64.66620833333333
2018-02-10 00:00:00+00:00,55.261541666666666
2018-02-11 00:00:00+00:00,51.661
2018-02-12 00:00:00+00:00,62.6095
2018-02-13 00:00:00+00:00,63.196416666666664
2018-02-14 00:00:00+00:00,64.45408333333333
2018-02-15 00:00:00+00:00,66.27883333333332
2018-02-16 00:00:00+00:00,63.243625
2018-02-17 00:00:00+00:00,54.870666666666665
2018-02-18 00:00:00+00:00,50.511291666666665
2018-02-19 00:00:00+00:00,62.57991666666666
2018-02-20 00:00:00+00:00,63.69591666666666
2018-02-21 00:00:00+00:00,63.46329166666666
2018-02-22 00:00:00+00:00,63.889625
2018-02-23 00:00:00+00:00,63.65375
2018-02-24 00:00:00+00:00,55.59458333333333
2018-02-25 00:00:00+00:00,51.97366666666667
2018-02-26 00:00:00+00:00,65.84425
2018-02-27 00:00:00+00:00,67.48325
2018-02-28 00:00:00+00:00,68.08445833333333
2018-03-01 00:00:00+00:00,67.45341666666667
2018-03-02 00:00:00+00:00,66.87420833333333
2018-03-03 00:00:00+00:00,57.00641666666667
2018-03-04 00:00:00+00:00,51.34804166666667
2018-03-05 00:00:00+00:00,61.44229166666666
2018-03-06 00:00:00+00:00,62.188
2018-03-07 00:00:00+00:00,63.162958333333336
2018-03-08 00:00:00+00:00,63.79783333333334
2018-03-09 00:00:00+00:00,63.04004166666667
2018-03-10 00:00:00+00:00,52.786791666666666
2018-03-11 00:00:00+00:00,47.83208333333334
2018-03-12 00:00:00+00:00,60.840291666666666
2018-03-13 00:00:00+00:00,63.283125
2018-03-14 00:00:00+00:00,62.22495833333333
2018-03-15 00:00:00+00:00,63.944833333333335
2018-03-16 00:00:00+00:00,63.70283333333334
2018-03-17 00:00:00+00:00,57.79816666666667
2018-03-18 00:00:00+00:00,54.40770833333334
2018-03-19 00:00:00+00:00,64.39025
2018-03-20 00:00:00+00:00,66.03383333333333
2018-03-21 00:00:00+00:00,65.21345833333334
2018-03-22 00:00:00+00:00,65.50195833333333
2018-03-23 00:00:00+00:00,63.24458333333334
2018-03-24 00:00:00+00:00,52.823708333333336
2018-03-25 00:00:00+00:00,48.067458333333335
2018-03-26 00:00:00+00:00,61.151
2018-03-27 00:00:00+00:00,61.18179166666666
2018-03-28 00:00:00+00:00,62.968041666666664
2018-03-29 00:00:00+00:00,61.01525
2018-03-30 00:00:00+00:00,48.31454166666666
2018-03-31 00:00:00+00:00,48.376416666666664
2018-04-01 00:00:00+00:00,44.804291666666664
2018-04-02 00:00:00+00:00,44.99670833333334
2018-04-03 00:00:00+00:00,58.88
2018-04-04 00:00:00+00:00,60.148125
2018-04-05 00:00:00+00:00,62.120625
2018-04-06 00:00:00+00:00,59.57658333333334
2018-04-07 00:00:00+00:00,50.52845833333333
2018-04-08 00:00:00+00:00,45.48854166666666
2018-04-09 00:00:00+00:00,57.57275
2018-04-10 00:00:00+00:00,60.010125
2018-04-11 00:00:00+00:00,60.93420833333334
2018-04-12 00:00:00+00:00,60.41883333333334
2018-04-13 00:00:00+00:00,59.77491666666666
2018-04-14 00:00:00+00:00,49.555708333333335
2018-04-15 00:00:00+00:00,44.432625
2018-04-16 00:00:00+00:00,57.149708333333336
2018-04-17 00:00:00+00:00,57.741
2018-04-18 00:00:00+00:00,57.720416666666665
2018-04-19 00:00:00+00:00,58.078625
2018-04-20 00:00:00+00:00,57.46308333333334
2018-04-21 00:00:00+00:00,48.53991666666666
2018-04-22 00:00:00+00:00,44.347166666666666
2018-04-23 00:00:00+00:00,57.675125
2018-04-24 00:00:00+00:00,58.73354166666667
2018-04-25 00:00:00+00:00,59.87883333333333
2018-04-26 00:00:00+00:00,59.865291666666664
2018-04-27 00:00:00+00:00,57.720083333333335
2018-04-28 00:00:00+00:00,49.06304166666666
2018-04-29 00:00:00+00:00,44.46308333333334
2018-04-30 00:00:00+00:00,53.40625
2018-05-01 00:00:00+00:00,46.257416666666664
2018-05-02 00:00:00+00:00,58.1925
2018-05-03 00:00:00+00:00,59.25125
2018-05-04 00:00:00+00:00,58.319125
2018-05-05 00:00:00+00:00,49.08975
2018-05-06 00:00:00+00:00,45.175666666666665
2018-05-07 00:00:00+00:00,58.399458333333335
2018-05-08 00:00:00+00:00,59.589125
2018-05-09 00:00:00+00:00,58.90291666666666
2018-05-10 00:00:00+00:00,47.2845
2018-05-11 00:00:00+00:00,52.534416666666665
2018-05-12 00:00:00+00:00,48.12141666666666
2018-05-13 00:00:00+00:00,45.16591666666666
2018-05-14 00:00:00+00:00,58.856875
2018-05-15 00:00:00+00:00,59.39225
2018-05-16 00:00:00+00:00,59.62716666666667
2018-05-17 00:00:00+00:00,60.067125
2018-05-18 00:00:00+00:00,58.530833333333334
2018-05-19 00:00:00+00:00,48.53775
2018-05-20 00:00:00+00:00,42.57216666666666
2018-05-21 00:00:00+00:00,44.310833333333335
2018-05-22 00:00:00+00:00,57.949416666666664
2018-05-23 00:00:00+00:00,59.7305
2018-05-24 00:00:00+00:00,59.90479166666666
2018-05-25 00:00:00+00:00,58.48345833333334
2018-05-26 00:00:00+00:00,49.610708333333335
2018-05-27 00:00:00+00:00,45.490916666666664
2018-05-28 00:00:00+00:00,59.245583333333336
2018-05-29 00:00:00+00:00,60.61208333333334
2018-05-30 00:00:00+00:00,59.15620833333334
2018-05-31 00:00:00+00:00,51.1655
2018-06-01 00:00:00+00:00,54.73525
2018-06-02 00:00:00+00:00,48.26495833333333
2018-06-03 00:00:00+00:00,44.69195833333334
2018-06-04 00:00:00+00:00,58.208
2018-06-05 00:00:00+00:00,59.840916666666665
2018-06-06 00:00:00+00:00,60.287708333333335
2018-06-07 00:00:00+00:00,60.544333333333334
2018-06-08 00:00:00+00:00,59.44925
2018-06-09 00:00:00+00:00,50.453583333333334
2018-06-10 00:00:00+00:00,46.35604166666666
2018-06-11 00:00:00+00:00,59.716
2018-06-12 00:00:00+00:00,59.77225
2018-06-13 00:00:00+00:00,59.44654166666666
2018-06-14 00:00:00+00:00,59.554375
2018-06-15 00:00:00+00:00,58.556625
2018-06-16 00:00:00+00:00,49.07675
2018-06-17 00:00:00+00:00,45.286208333333335
2018-06-18 00:00:00+00:00,59.252208333333336
2018-06-19 00:00:00+00:00,60.721125
2018-06-20 00:00:00+00:00,60.95366666666666
2018-06-21 00:00:00+00:00,60.940625
2018-06-22 00:00:00+00:00,58.64845833333334
2018-06-23 00:00:00+00:00,48.772125
2018-06-24 00:00:00+00:00,44.76166666666666
2018-06-25 00:00:00+00:00,58.399625
2018-06-26 00:00:00+00:00,59.26320833333334
2018-06-27 00:00:00+00:00,59.284
2018-06-28 00:00:00+00:00,59.973333333333336
2018-06-29 00:00:00+00:00,58.57083333333333
2018-06-30 00:00:00+00:00,49.12575
2018-07-01 00:00:00+00:00,45.169041666666665
2018-07-02 00:00:00+00:00,58.35316666666667
2018-07-03 00:00:00+00:00,60.00204166666666
2018-07-04 00:00:00+00:00,60.396375
2018-07-05 00:00:00+00:00,60.56104166666666
2018-07-06 00:00:00+00:00,59.083875
2018-07-07 00:00:00+00:00,48.779875
2018-07-08 00:00:00+00:00,44.524
2018-07-09 00:00:00+00:00,57.597166666666666
2018-07-10 00:00:00+00:00,57.753458333333334
2018-07-11 00:00:00+00:00,57.36875
2018-07-12 00:00:00+00:00,57.26325
2018-07-13 00:00:00+00:00,56.66733333333334
2018-07-14 00:00:00+00:00,47.146708333333336
2018-07-15 00:00:00+00:00,43.35483333333334
2018-07-16 00:00:00+00:00,55.81741666666667
2018-07-17 00:00:00+00:00,57.17729166666666
2018-07-18 00:00:00+00:00,57.36783333333334
2018-07-19 00:00:00+00:00,56.95433333333334
2018-07-20 00:00:00+00:00,55.808
2018-07-21 00:00:00+00:00,47.094875
2018-07-22 00:00:00+00:00,44.040625
2018-07-23 00:00:00+00:00,56.89270833333334
2018-07-24 00:00:00+00:00,58.25054166666666
2018-07-25 00:00:00+00:00,59.07908333333334
2018-07-26 00:00:00+00:00,59.16045833333334
2018-07-27 00:00:00+00:00,58.273291666666665
2018-07-28 00:00:00+00:00,49.420875
2018-07-29 00:00:00+00:00,44.682375
2018-07-30 00:00:00+00:00,57.14383333333333
2018-07-31 00:00:00+00:00,58.57391666666666
2018-08-01 00:00:00+00:00,58.18129166666667
2018-08-02 00:00:00+00:00,58.489625
2018-08-03 00:00:00+00:00,57.60225
2018-08-04 00:00:00+00:00,49.75983333333333
2018-08-05 00:00:00+00:00,45.018791666666665
2018-08-06 00:00:00+00:00,56.95483333333333
2018-08-07 00:00:00+00:00,58.47225
2018-08-08 00:00:00+00:00,59.323166666666665
2018-08-09 00:00:00+00:00,58.58604166666667
2018-08-10 00:00:00+00:00,56.578375
2018-08-11 00:00:00+00:00,47.182833333333335
2018-08-12 00:00:00+00:00,42.93470833333333
2018-08-13 00:00:00+00:00,55.76291666666666
2018-08-14 00:00:00+00:00,56.353375
2018-08-15 00:00:00+00:00,54.72366666666667
2018-08-16 00:00:00+00:00,56.619083333333336
2018-08-17 00:00:00+00:00,55.94116666666667
2018-08-18 00:00:00+00:00,48.803416666666664
2018-08-19 00:00:00+00:00,44.93629166666666
2018-08-20 00:00:00+00:00,57.063583333333334
2018-08-21 00:00:00+00:00,57.50129166666667
2018-08-22 00:00:00+00:00,58.66675
2018-08-23 00:00:00+00:00,59.44495833333333
2018-08-24 00:00:00+00:00,57.750791666666665
2018-08-25 00:00:00+00:00,48.11025
2018-08-26 00:00:00+00:00,44.016375
2018-08-27 00:00:00+00:00,58.3995
2018-08-28 00:00:00+00:00,57.846
2018-08-29 00:00:00+00:00,58.52066666666666
2018-08-30 00:00:00+00:00,58.702708333333334
2018-08-31 00:00:00+00:00,56.162416666666665
2018-09-01 00:00:00+00:00,47.71633333333334
2018-09-02 00:00:00+00:00,44.76175
2018-09-03 00:00:00+00:00,57.6025
2018-09-04 00:00:00+00:00,58.422666666666665
2018-09-05 00:00:00+00:00,58.218041666666664
2018-09-06 00:00:00+00:00,58.79175
2018-09-07 00:00:00+00:00,57.69141666666666
2018-09-08 00:00:00+00:00,48.91795833333334
2018-09-09 00:00:00+00:00,44.70125
2018-09-10 00:00:00+00:00,57.72808333333334
2018-09-11 00:00:00+00:00,59.780875
2018-09-12 00:00:00+00:00,59.28808333333333
2018-09-13 00:00:00+00:00,58.614875
2018-09-14 00:00:00+00:00,57.350458333333336
2018-09-15 00:00:00+00:00,48.498583333333336
2018-09-16 00:00:00+00:00,44.579375
2018-09-17 00:00:00+00:00,57.308125
2018-09-18 00:00:00+00:00,60.657291666666666
2018-09-19 00:00:00+00:00,60.42975
2018-09-20 00:00:00+00:00,60.315083333333334
2018-09-21 00:00:00+00:00,60.77283333333334
2018-09-22 00:00:00+00:00,50.30116666666667
2018-09-23 00:00:00+00:00,46.443
2018-09-24 00:00:00+00:00,59.32608333333334
2018-09-25 00:00:00+00:00,58.629375
2018-09-26 00:00:00+00:00,60.49829166666667
2018-09-27 00:00:00+00:00,59.433416666666666
2018-09-28 00:00:00+00:00,59.27279166666666
2018-09-29 00:00:00+00:00,49.763083333333334
2018-09-30 00:00:00+00:00,45.94525
2018-10-01 00:00:00+00:00,59.009125
2018-10-02 00:00:00+00:00,60.57720833333334
2018-10-03 00:00:00+00:00,49.94958333333334
2018-10-04 00:00:00+00:00,57.853791666666666
2018-10-05 00:00:00+00:00,57.42966666666666
2018-10-06 00:00:00+00:00,49.324708333333334
2018-10-07 00:00:00+00:00,45.86533333333334
2018-10-08 00:00:00+00:00,58.544625
2018-10-09 00:00:00+00:00,59.33133333333333
2018-10-10 00:00:00+00:00,59.097541666666665
2018-10-11 00:00:00+00:00,60.29233333333334
2018-10-12 00:00:00+00:00,58.499583333333334
2018-10-13 00:00:00+00:00,49.29366666666667
2018-10-14 00:00:00+00:00,45.8835
2018-10-15 00:00:00+00:00,57.57508333333334
2018-10-16 00:00:00+00:00,58.56970833333334
2018-10-17 00:00:00+00:00,58.62675
2018-10-18 00:00:00+00:00,59.55920833333334
2018-10-19 00:00:00+00:00,57.924083333333336
2018-10-20 00:00:00+00:00,50.49925
2018-10-21 00:00:00+00:00,47.58079166666666
2018-10-22 00:00:00+00:00,61.01679166666666
2018-10-23 00:00:00+00:00,63.892041666666664
2018-10-24 00:00:00+00:00,62.77908333333333
2018-10-25 00:00:00+00:00,62.20045833333334
2018-10-26 00:00:00+00:00,60.38025
2018-10-27 00:00:00+00:00,51.904583333333335
2018-10-28 00:00:00+00:00,48.619791666666664
2018-10-29 00:00:00+00:00,62.37104166666666
2018-10-30 00:00:00+00:00,62.84025
2018-10-31 00:00:00+00:00,58.40091666666667
2018-11-01 00:00:00+00:00,53.21816666666666
2018-11-02 00:00:00+00:00,56.623041666666666
2018-11-03 00:00:00+00:00,50.8475
2018-11-04 00:00:00+00:00,47.12220833333333
2018-11-05 00:00:00+00:00,59.882583333333336
2018-11-06 00:00:00+00:00,61.19054166666666
2018-11-07 00:00:00+00:00,61.99075
2018-11-08 00:00:00+00:00,61.5215
2018-11-09 00:00:00+00:00,60.966791666666666
2018-11-10 00:00:00+00:00,53.14175
2018-11-11 00:00:00+00:00,48.450375
2018-11-12 00:00:00+00:00,60.541916666666665
2018-11-13 00:00:00+00:00,62.689458333333334
2018-11-14 00:00:00+00:00,62.72208333333334
2018-11-15 00:00:00+00:00,63.15654166666666
2018-11-16 00:00:00+00:00,63.01708333333334
2018-11-17 00:00:00+00:00,55.753
2018-11-18 00:00:00+00:00,49.9925
2018-11-19 00:00:00+00:00,64.498375
2018-11-20 00:00:00+00:00,66.16904166666667
2018-11-21 00:00:00+00:00,65.51633333333334
2018-11-22 00:00:00+00:00,65.44641666666666
2018-11-23 00:00:00+00:00,63.409
2018-11-24 00:00:00+00:00,54.753
2018-11-25 00:00:00+00:00,51.081375
2018-11-26 00:00:00+00:00,63.57058333333334
2018-11-27 00:00:00+00:00,64.87320833333334
2018-11-28 00:00:00+00:00,67.61470833333333
2018-11-29 00:00:00+00:00,67.32166666666667
2018-11-30 00:00:00+00:00,65.41191666666667
2018-12-01 00:00:00+00:00,55.954708333333336
2018-12-02 00:00:00+00:00,51.907291666666666
2018-12-03 00:00:00+00:00,64.218625
2018-12-04 00:00:00+00:00,65.17841666666666
2018-12-05 00:00:00+00:00,65.78683333333333
2018-12-06 00:00:00+00:00,65.88629166666666
2018-12-07 00:00:00+00:00,65.00970833333334
2018-12-08 00:00:00+00:00,57.26883333333333
2018-12-09 00:00:00+00:00,52.910125
2018-12-10 00:00:00+00:00,66.58879166666667
2018-12-11 00:00:00+00:00,66.50733333333334
2018-12-12 00:00:00+00:00,65.64566666666667
2018-12-13 00:00:00+00:00,66.39304166666668
2018-12-14 00:00:00+00:00,65.62866666666667
2018-12-15 00:00:00+00:00,57.690625
2018-12-16 00:00:00+00:00,54.250375
2018-12-17 00:00:00+00:00,63.751333333333335
2018-12-18 00:00:00+00:00,64.85758333333334
2018-12-19 00:00:00+00:00,65.38375
2018-12-20 00:00:00+00:00,62.981875
2018-12-21 00:00:00+00:00,59.759
2018-12-22 00:00:00+00:00,51.616166666666665
2018-12-23 00:00:00+00:00,47.51020833333334
2018-12-24 00:00:00+00:00,47.114666666666665
2018-12-25 00:00:00+00:00,45.731291666666664
2018-12-26 00:00:00+00:00,46.96625
2018-12-27 00:00:00+00:00,52.771875
2018-12-28 00:00:00+00:00,52.652541666666664
2018-12-29 00:00:00+00:00,51.14391666666666
2018-12-30 00:00:00+00:00,47.14854166666667
2018-12-31 00:00:00+00:00,47.83741666666666
2019-01-01 00:00:00+00:00,45.70075
2019-01-02 00:00:00+00:00,57.815041666666666
2019-01-03 00:00:00+00:00,60.431125
2019-01-04 00:00:00+00:00,61.071583333333336
2019-01-05 00:00:00+00:00,54.25266666666666
2019-01-06 00:00:00+00:00,49.53254166666667
2019-01-07 00:00:00+00:00,62.72654166666666
2019-01-08 00:00:00+00:00,66.35091666666668
2019-01-09 00:00:00+00:00,66.89754166666667
2019-01-10 00:00:00+00:00,64.72408333333334
2019-01-11 00:00:00+00:00,66.110875
2019-01-12 00:00:00+00:00,56.442708333333336
2019-01-13 00:00:00+00:00,53.35275
2019-01-14 00:00:00+00:00,65.86995833333333
2019-01-15 00:00:00+00:00,66.5505
2019-01-16 00:00:00+00:00,66.137375
2019-01-17 00:00:00+00:00,66.61408333333333
2019-01-18 00:00:00+00:00,64.160875
2019-01-19 00:00:00+00:00,55.490541666666665
2019-01-20 00:00:00+00:00,52.141125
2019-01-21 00:00:00+00:00,65.23920833333334
2019-01-22 00:00:00+00:00,67.88575
2019-01-23 00:00:00+00:00,68.18358333333333
2019-01-24 00:00:00+00:00,67.27095833333333
2019-01-25 00:00:00+00:00,66.51895833333333
2019-01-26 00:00:00+00:00,57.823166666666665
2019-01-27 00:00:00+00:00,52.18745833333334
2019-01-28 00:00:00+00:00,65.18854166666667
2019-01-29 00:00:00+00:00,65.56629166666667
2019-01-30 00:00:00+00:00,65.91279166666668
2019-01-31 00:00:00+00:00,65.36104166666667
2019-02-01 00:00:00+00:00,65.32191666666667
2019-02-02 00:00:00+00:00,55.181333333333335
2019-02-03 00:00:00+00:00,52.08945833333333
2019-02-04 00:00:00+00:00,64.768375
2019-02-05 00:00:00+00:00,66.28529166666667
2019-02-06 00:00:00+00:00,65.56941666666667
2019-02-07 00:00:00+00:00,66.68666666666667
2019-02-08 00:00:00+00:00,65.00933333333333
2019-02-09 00:00:00+00:00,56.53754166666666
2019-02-10 00:00:00+00:00,51.660125
2019-02-11 00:00:00+00:00,65.7045
2019-02-12 00:00:00+00:00,65.31929166666666
2019-02-13 00:00:00+00:00,65.532375
2019-02-14 00:00:00+00:00,63.97479166666666
2019-02-15 00:00:00+00:00,62.83825
2019-02-16 00:00:00+00:00,53.35129166666666
2019-02-17 00:00:00+00:00,48.87254166666666
2019-02-18 00:00:00+00:00,61.65495833333333
2019-02-19 00:00:00+00:00,64.29054166666667
2019-02-20 00:00:00+00:00,63.259166666666665
2019-02-21 00:00:00+00:00,62.96658333333333
2019-02-22 00:00:00+00:00,62.14904166666666
2019-02-23 00:00:00+00:00,53.27875
2019-02-24 00:00:00+00:00,48.67358333333333
2019-02-25 00:00:00+00:00,60.44804166666666
2019-02-26 00:00:00+00:00,61.68595833333334
2019-02-27 00:00:00+00:00,62.042
2019-02-28 00:00:00+00:00,61.68329166666666
2019-03-01 00:00:00+00:00,61.425666666666665
2019-03-02 00:00:00+00:00,52.79266666666666
2019-03-03 00:00:00+00:00,49.295125
2019-03-04 00:00:00+00:00,61.29329166666666
2019-03-05 00:00:00+00:00,62.49495833333334
2019-03-06 00:00:00+00:00,62.22420833333334
2019-03-07 00:00:00+00:00,62.921125
2019-03-08 00:00:00+00:00,61.686458333333334
2019-03-09 00:00:00+00:00,53.506875
2019-03-10 00:00:00+00:00,48.80975
2019-03-11 00:00:00+00:00,62.40870833333334
2019-03-12 00:00:00+00:00,62.66825
2019-03-13 00:00:00+00:00,64.46095833333334
2019-03-14 00:00:00+00:00,64.63575
2019-03-15 00:00:00+00:00,63.393875
2019-03-16 00:00:00+00:00,53.06195833333334
2019-03-17 00:00:00+00:00,49.922875
2019-03-18 00:00:00+00:00,62.262708333333336
2019-03-19 00:00:00+00:00,62.41283333333334
2019-03-20 00:00:00+00:00,61.738
2019-03-21 00:00:00+00:00,60.86754166666667
2019-03-22 00:00:00+00:00,59.213875
2019-03-23 00:00:00+00:00,50.52316666666666
2019-03-24 00:00:00+00:00,46.52741666666667
2019-03-25 00:00:00+00:00,60.61570833333334
2019-03-26 00:00:00+00:00,61.57066666666667
2019-03-27 00:00:00+00:00,61.02345833333334
2019-03-28 00:00:00+00:00,60.13783333333333
2019-03-29 00:00:00+00:00,58.18975
2019-03-30 00:00:00+00:00,49.362875
2019-03-31 00:00:00+00:00,46.50029166666666
2019-04-01 00:00:00+00:00,58.458416666666665
2019-04-02 00:00:00+00:00,60.766375
2019-04-03 00:00:00+00:00,60.218125
2019-04-04 00:00:00+00:00,60.713208333333334
2019-04-05 00:00:00+00:00,59.820625
2019-04-06 00:00:00+00:00,49.46525
2019-04-07 00:00:00+00:00,45.595
2019-04-08 00:00:00+00:00,58.302708333333335
2019-04-09 00:00:00+00:00,60.26475
2019-04-10 00:00:00+00:00,60.372708333333335
2019-04-11 00:00:00+00:00,60.02483333333333
2019-04-12 00:00:00+00:00,59.505541666666666
2019-04-13 00:00:00+00:00,51.319583333333334
2019-04-14 00:00:00+00:00,47.571666666666665
2019-04-15 00:00:00+00:00,58.252916666666664
2019-04-16 00:00:00+00:00,60.04570833333334
2019-04-17 00:00:00+00:00,59.35404166666667
2019-04-18 00:00:00+00:00,56.97445833333334
2019-04-19 00:00:00+00:00,44.130208333333336
2019-04-20 00:00:00+00:00,43.53395833333334
2019-04-21 00:00:00+00:00,39.30254166666666
2019-04-22 00:00:00+00:00,42.21525
2019-04-23 00:00:00+00:00,56.883375
2019-04-24 00:00:00+00:00,57.845375
2019-04-25 00:00:00+00:00,58.11033333333334
2019-04-26 00:00:00+00:00,57.525708333333334
2019-04-27 00:00:00+00:00,48.39925
2019-04-28 00:00:00+00:00,45.37795833333334
2019-04-29 00:00:00+00:00,58.493458333333336
2019-04-30 00:00:00+00:00,57.00066666666667
2019-05-01 00:00:00+00:00,44.748125
2019-05-02 00:00:00+00:00,57.558791666666664
2019-05-03 00:00:00+00:00,57.802125
2019-05-04 00:00:00+00:00,49.81670833333334
2019-05-05 00:00:00+00:00,46.44233333333334
2019-05-06 00:00:00+00:00,59.73233333333334
2019-05-07 00:00:00+00:00,59.57279166666667
2019-05-08 00:00:00+00:00,60.234
2019-05-09 00:00:00+00:00,59.513625
2019-05-10 00:00:00+00:00,58.35279166666666
2019-05-11 00:00:00+00:00,49.30825
2019-05-12 00:00:00+00:00,45.45125
2019-05-13 00:00:00+00:00,57.39808333333333
2019-05-14 00:00:00+00:00,58.92458333333334
2019-05-15 00:00:00+00:00,59.599666666666664
2019-05-16 00:00:00+00:00,60.47666666666667
2019-05-17 00:00:00+00:00,58.50145833333334
2019-05-18 00:00:00+00:00,47.843041666666664
2019-05-19 00:00:00+00:00,44.25566666666666
2019-05-20 00:00:00+00:00,57.87345833333334
2019-05-21 00:00:00+00:00,59.926833333333335
2019-05-22 00:00:00+00:00,59.285625
2019-05-23 00:00:00+00:00,58.389
2019-05-24 00:00:00+00:00,57.34229166666666
2019-05-25 00:00:00+00:00,47.37020833333334
2019-05-26 00:00:00+00:00,44.43004166666667
2019-05-27 00:00:00+00:00,57.30116666666667
2019-05-28 00:00:00+00:00,58.03158333333334
2019-05-29 00:00:00+00:00,56.65120833333334
2019-05-30 00:00:00+00:00,45.75966666666666
2019-05-31 00:00:00+00:00,50.34475
2019-06-01 00:00:00+00:00,46.877541666666666
2019-06-02 00:00:00+00:00,44.195708333333336
2019-06-03 00:00:00+00:00,57.96275
2019-06-04 00:00:00+00:00,59.0695
2019-06-05 00:00:00+00:00,59.87266666666667
2019-06-06 00:00:00+00:00,58.908166666666666
2019-06-07 00:00:00+00:00,56.26208333333334
2019-06-08 00:00:00+00:00,47.820791666666665
2019-06-09 00:00:00+00:00,41.80116666666667
2019-06-10 00:00:00+00:00,43.427708333333335
2019-06-11 00:00:00+00:00,56.4635
2019-06-12 00:00:00+00:00,58.98283333333334
2019-06-13 00:00:00+00:00,57.345416666666665
2019-06-14 00:00:00+00:00,57.06941666666666
2019-06-15 00:00:00+00:00,48.492916666666666
2019-06-16 00:00:00+00:00,44.22516666666667
2019-06-17 00:00:00+00:00,57.34245833333333
2019-06-18 00:00:00+00:00,59.38579166666666
2019-06-19 00:00:00+00:00,58.77079166666667
2019-06-20 00:00:00+00:00,49.399791666666665
2019-06-21 00:00:00+00:00,52.43183333333334
2019-06-22 00:00:00+00:00,46.8175
2019-06-23 00:00:00+00:00,43.64033333333334
2019-06-24 00:00:00+00:00,58.34975
2019-06-25 00:00:00+00:00,60.52016666666666
2019-06-26 00:00:00+00:00,61.26991666666667
2019-06-27 00:00:00+00:00,59.96691666666666
2019-06-28 00:00:00+00:00,57.133291666666665
2019-06-29 00:00:00+00:00,48.51595833333334
2019-06-30 00:00:00+00:00,45.931
2019-07-01 00:00:00+00:00,59.62329166666667
2019-07-02 00:00:00+00:00,58.8505
2019-07-03 00:00:00+00:00,58.51075
2019-07-04 00:00:00+00:00,58.812875
2019-07-05 00:00:00+00:00,57.6925
2019-07-06 00:00:00+00:00,48.577375
2019-07-07 00:00:00+00:00,44.190125
2019-07-08 00:00:00+00:00,56.911375
2019-07-09 00:00:00+00:00,57.718125
2019-07-10 00:00:00+00:00,57.242125
2019-07-11 00:00:00+00:00,57.51595833333334
2019-07-12 00:00:00+00:00,56.99979166666667
2019-07-13 00:00:00+00:00,47.674791666666664
2019-07-14 00:00:00+00:00,43.295
2019-07-15 00:00:00+00:00,55.96083333333333
2019-07-16 00:00:00+00:00,57.31345833333334
2019-07-17 00:00:00+00:00,56.78991666666666
2019-07-18 00:00:00+00:00,57.459666666666664
2019-07-19 00:00:00+00:00,56.158208333333334
2019-07-20 00:00:00+00:00,47.36975
2019-07-21 00:00:00+00:00,43.53191666666667
2019-07-22 00:00:00+00:00,55.931041666666665
2019-07-23 00:00:00+00:00,57.2505
2019-07-24 00:00:00+00:00,58.165791666666664
2019-07-25 00:00:00+00:00,58.767375
2019-07-26 00:00:00+00:00,57.77370833333334
2019-07-27 00:00:00+00:00,47.573125
2019-07-28 00:00:00+00:00,43.988166666666665
2019-07-29 00:00:00+00:00,55.71525
2019-07-30 00:00:00+00:00,57.513125
2019-07-31 00:00:00+00:00,56.71970833333334
2019-08-01 00:00:00+00:00,55.43416666666666
2019-08-02 00:00:00+00:00,54.37745833333334
2019-08-03 00:00:00+00:00,45.26795833333333
2019-08-04 00:00:00+00:00,41.71704166666667
2019-08-05 00:00:00+00:00,53.251583333333336
2019-08-06 00:00:00+00:00,54.824666666666666
2019-08-07 00:00:00+00:00,55.170875
2019-08-08 00:00:00+00:00,55.275875
2019-08-09 00:00:00+00:00,54.94825
2019-08-10 00:00:00+00:00,47.183416666666666
2019-08-11 00:00:00+00:00,43.47870833333334
2019-08-12 00:00:00+00:00,54.126416666666664
2019-08-13 00:00:00+00:00,54.73645833333334
2019-08-14 00:00:00+00:00,53.902125
2019-08-15 00:00:00+00:00,54.2555
2019-08-16 00:00:00+00:00,52.547125
2019-08-17 00:00:00+00:00,45.83433333333333
2019-08-18 00:00:00+00:00,42.68470833333333
2019-08-19 00:00:00+00:00,54.875708333333336
2019-08-20 00:00:00+00:00,55.230375
2019-08-21 00:00:00+00:00,54.592375
2019-08-22 00:00:00+00:00,54.848875
2019-08-23 00:00:00+00:00,54.15054166666666
2019-08-24 00:00:00+00:00,46.00691666666666
2019-08-25 00:00:00+00:00,43.162125
2019-08-26 00:00:00+00:00,56.785291666666666
2019-08-27 00:00:00+00:00,58.62804166666666
2019-08-28 00:00:00+00:00,58.632083333333334
2019-08-29 00:00:00+00:00,57.846125
2019-08-30 00:00:00+00:00,56.22170833333334
2019-08-31 00:00:00+00:00,47.33229166666666
2019-09-01 00:00:00+00:00,43.19825
2019-09-02 00:00:00+00:00,54.26391666666667
2019-09-03 00:00:00+00:00,55.633916666666664
2019-09-04 00:00:00+00:00,56.032333333333334
2019-09-05 00:00:00+00:00,56.909375
2019-09-06 00:00:00+00:00,55.03241666666666
2019-09-07 00:00:00+00:00,46.06704166666666
2019-09-08 00:00:00+00:00,43.163125
2019-09-09 00:00:00+00:00,55.351333333333336
2019-09-10 00:00:00+00:00,56.18729166666667
2019-09-11 00:00:00+00:00,57.03808333333333
2019-09-12 00:00:00+00:00,57.813375
2019-09-13 00:00:00+00:00,56.94233333333334
2019-09-14 00:00:00+00:00,46.613125
2019-09-15 00:00:00+00:00,43.493875
2019-09-16 00:00:00+00:00,55.878708333333336
2019-09-17 00:00:00+00:00,57.167291666666664
2019-09-18 00:00:00+00:00,56.38466666666666
2019-09-19 00:00:00+00:00,56.644416666666665
2019-09-20 00:00:00+00:00,55.403166666666664
2019-09-21 00:00:00+00:00,47.26295833333334
2019-09-22 00:00:00+00:00,43.816625
2019-09-23 00:00:00+00:00,57.425333333333334
2019-09-24 00:00:00+00:00,58.251
2019-09-25 00:00:00+00:00,58.29725
2019-09-26 00:00:00+00:00,58.64116666666666
2019-09-27 00:00:00+00:00,57.714416666666665
2019-09-28 00:00:00+00:00,48.160333333333334
2019-09-29 00:00:00+00:00,45.316833333333335
2019-09-30 00:00:00+00:00,57.989333333333335
2019-10-01 00:00:00+00:00,59.552375
2019-10-02 00:00:00+00:00,57.93475
2019-10-03 00:00:00+00:00,46.05408333333334
2019-10-04 00:00:00+00:00,51.59825
2019-10-05 00:00:00+00:00,47.02775
2019-10-06 00:00:00+00:00,46.157875
2019-10-07 00:00:00+00:00,57.719875
2019-10-08 00:00:00+00:00,59.59283333333334
2019-10-09 00:00:00+00:00,59.45254166666666
2019-10-10 00:00:00+00:00,59.74675
2019-10-11 00:00:00+00:00,59.141083333333334
2019-10-12 00:00:00+00:00,49.09875
2019-10-13 00:00:00+00:00,45.860125
2019-10-14 00:00:00+00:00,57.743875
2019-10-15 00:00:00+00:00,60.05275
2019-10-16 00:00:00+00:00,60.800625
2019-10-17 00:00:00+00:00,60.136208333333336
2019-10-18 00:00:00+00:00,59.215041666666664
2019-10-19 00:00:00+00:00,49.50779166666666
2019-10-20 00:00:00+00:00,45.47325
2019-10-21 00:00:00+00:00,58.757
2019-10-22 00:00:00+00:00,59.924166666666665
2019-10-23 00:00:00+00:00,60.705125
2019-10-24 00:00:00+00:00,60.44716666666666
2019-10-25 00:00:00+00:00,58.93958333333334
2019-10-26 00:00:00+00:00,50.33629166666667
2019-10-27 00:00:00+00:00,46.28154166666666
2019-10-28 00:00:00+00:00,59.57458333333334
2019-10-29 00:00:00+00:00,60.975833333333334
2019-10-30 00:00:00+00:00,60.911208333333335
2019-10-31 00:00:00+00:00,56.9575
2019-11-01 00:00:00+00:00,51.479708333333335
2019-11-02 00:00:00+00:00,49.431
2019-11-03 00:00:00+00:00,45.877583333333334
2019-11-04 00:00:00+00:00,58.89191666666667
2019-11-05 00:00:00+00:00,60.80416666666667
2019-11-06 00:00:00+00:00,61.910041666666665
2019-11-07 00:00:00+00:00,62.53633333333334
2019-11-08 00:00:00+00:00,61.39025
2019-11-09 00:00:00+00:00,52.30804166666666
2019-11-10 00:00:00+00:00,49.274791666666665
2019-11-11 00:00:00+00:00,62.45708333333334
2019-11-12 00:00:00+00:00,63.297375
2019-11-13 00:00:00+00:00,62.720083333333335
2019-11-14 00:00:00+00:00,62.38641666666666
2019-11-15 00:00:00+00:00,61.291333333333334
2019-11-16 00:00:00+00:00,52.49216666666666
2019-11-17 00:00:00+00:00,49.14120833333334
2019-11-18 00:00:00+00:00,61.681333333333335
2019-11-19 00:00:00+00:00,63.871208333333335
2019-11-20 00:00:00+00:00,63.25479166666666
2019-11-21 00:00:00+00:00,63.60525
2019-11-22 00:00:00+00:00,62.83625
2019-11-23 00:00:00+00:00,53.462875
2019-11-24 00:00:00+00:00,49.439875
2019-11-25 00:00:00+00:00,62.02504166666667
2019-11-26 00:00:00+00:00,63.43716666666666
2019-11-27 00:00:00+00:00,64.57795833333334
2019-11-28 00:00:00+00:00,63.97875
2019-11-29 00:00:00+00:00,61.994708333333335
2019-11-30 00:00:00+00:00,52.17420833333333
2019-12-01 00:00:00+00:00,50.712
2019-12-02 00:00:00+00:00,60.85666666666666
2019-12-03 00:00:00+00:00,64.334
2019-12-04 00:00:00+00:00,64.57191666666667
2019-12-05 00:00:00+00:00,66.16975
2019-12-06 00:00:00+00:00,65.3285
2019-12-07 00:00:00+00:00,54.618916666666664
2019-12-08 00:00:00+00:00,51.535333333333334
2019-12-09 00:00:00+00:00,63.42508333333333
2019-12-10 00:00:00+00:00,64.79441666666666
2019-12-11 00:00:00+00:00,65.95141666666667
2019-12-12 00:00:00+00:00,65.69679166666667
2019-12-13 00:00:00+00:00,63.614
2019-12-14 00:00:00+00:00,54.623041666666666
2019-12-15 00:00:00+00:00,50.590583333333335
2019-12-16 00:00:00+00:00,61.330083333333334
2019-12-17 00:00:00+00:00,61.568125
2019-12-18 00:00:00+00:00,60.788625
2019-12-19 00:00:00+00:00,59.947291666666665
2019-12-20 00:00:00+00:00,56.427625
2019-12-21 00:00:00+00:00,50.26733333333333
2019-12-22 00:00:00+00:00,47.52829166666666
2019-12-23 00:00:00+00:00,50.61933333333334
2019-12-24 00:00:00+00:00,46.35366666666666
2019-12-25 00:00:00+00:00,43.426833333333335
2019-12-26 00:00:00+00:00,43.4455
2019-12-27 00:00:00+00:00,48.841625
2019-12-28 00:00:00+00:00,47.555458333333334
2019-12-29 00:00:00+00:00,45.29475
2019-12-30 00:00:00+00:00,50.001875
2019-12-31 00:00:00+00:00,46.87220833333333
2020-01-01 00:00:00+00:00,43.99720833333333
2020-01-02 00:00:00+00:00,54.07745833333333
2020-01-03 00:00:00+00:00,55.618458333333336
2020-01-04 00:00:00+00:00,52.56129166666666
2020-01-05 00:00:00+00:00,48.003416666666666
2020-01-06 00:00:00+00:00,56.85933333333334
2020-01-07 00:00:00+00:00,62.68075
2020-01-08 00:00:00+00:00,63.69670833333333
2020-01-09 00:00:00+00:00,63.11179166666666
2020-01-10 00:00:00+00:00,61.94166666666666
2020-01-11 00:00:00+00:00,53.76204166666666
2020-01-12 00:00:00+00:00,51.490875
2020-01-13 00:00:00+00:00,63.02645833333334
2020-01-14 00:00:00+00:00,65.43470833333333
2020-01-15 00:00:00+00:00,64.11370833333334
2020-01-16 00:00:00+00:00,62.74225
2020-01-17 00:00:00+00:00,62.908625
2020-01-18 00:00:00+00:00,54.04170833333333
2020-01-19 00:00:00+00:00,50.26441666666666
2020-01-20 00:00:00+00:00,62.55479166666667
2020-01-21 00:00:00+00:00,64.85408333333334
2020-01-22 00:00:00+00:00,64.86125
2020-01-23 00:00:00+00:00,64.53604166666666
2020-01-24 00:00:00+00:00,63.653125
2020-01-25 00:00:00+00:00,55.18533333333333
2020-01-26 00:00:00+00:00,50.6115
2020-01-27 00:00:00+00:00,63.641
2020-01-28 00:00:00+00:00,65.51645833333333
2020-01-29 00:00:00+00:00,65.81429166666668
2020-01-30 00:00:00+00:00,65.41554166666667
2020-01-31 00:00:00+00:00,62.933708333333335
2020-02-01 00:00:00+00:00,52.92008333333334
2020-02-02 00:00:00+00:00,49.633291666666665
2020-02-03 00:00:00+00:00,63.015458333333335
2020-02-04 00:00:00+00:00,65.12704166666667
2020-02-05 00:00:00+00:00,63.806333333333335
2020-02-06 00:00:00+00:00,63.96820833333334
2020-02-07 00:00:00+00:00,62.95225
2020-02-08 00:00:00+00:00,53.45283333333334
2020-02-09 00:00:00+00:00,49.49675
2020-02-10 00:00:00+00:00,62.79525
2020-02-11 00:00:00+00:00,65.60070833333333
2020-02-12 00:00:00+00:00,65.71279166666667
2020-02-13 00:00:00+00:00,65.80941666666668
2020-02-14 00:00:00+00:00,63.38466666666666
2020-02-15 00:00:00+00:00,53.097625
2020-02-16 00:00:00+00:00,49.51541666666667
2020-02-17 00:00:00+00:00,62.13291666666667
2020-02-18 00:00:00+00:00,64.20745833333334
2020-02-19 00:00:00+00:00,63.452333333333335
2020-02-20 00:00:00+00:00,63.12320833333334
2020-02-21 00:00:00+00:00,62.32425
2020-02-22 00:00:00+00:00,53.603
2020-02-23 00:00:00+00:00,49.668125
2020-02-24 00:00:00+00:00,60.0955
2020-02-25 00:00:00+00:00,61.56095833333334
2020-02-26 00:00:00+00:00,63.17066666666666
2020-02-27 00:00:00+00:00,64.39829166666667
2020-02-28 00:00:00+00:00,62.286458333333336
2020-02-29 00:00:00+00:00,52.434625
2020-03-01 00:00:00+00:00,48.347458333333336
2020-03-02 00:00:00+00:00,61.35691666666666
2020-03-03 00:00:00+00:00,61.961875
2020-03-04 00:00:00+00:00,61.86675
2020-03-05 00:00:00+00:00,62.5745
2020-03-06 00:00:00+00:00,61.96179166666666
2020-03-07 00:00:00+00:00,52.45008333333334
2020-03-08 00:00:00+00:00,48.647375
2020-03-09 00:00:00+00:00,60.481791666666666
2020-03-10 00:00:00+00:00,64.33095833333334
2020-03-11 00:00:00+00:00,61.966166666666666
2020-03-12 00:00:00+00:00,62.402166666666666
2020-03-13 00:00:00+00:00,61.392541666666666
2020-03-14 00:00:00+00:00,51.49154166666666
2020-03-15 00:00:00+00:00,47.6745
2020-03-16 00:00:00+00:00,57.96720833333334
2020-03-17 00:00:00+00:00,59.227583333333335
2020-03-18 00:00:00+00:00,58.6325
2020-03-19 00:00:00+00:00,57.385375
2020-03-20 00:00:00+00:00,56.547
2020-03-21 00:00:00+00:00,50.609833333333334
2020-03-22 00:00:00+00:00,47.23970833333333
2020-03-23 00:00:00+00:00,56.15829166666666
2020-03-24 00:00:00+00:00,56.68675
2020-03-25 00:00:00+00:00,56.34525
2020-03-26 00:00:00+00:00,55.91529166666666
2020-03-27 00:00:00+00:00,54.138041666666666
2020-03-28 00:00:00+00:00,47.547333333333334
2020-03-29 00:00:00+00:00,47.51291666666666
2020-03-30 00:00:00+00:00,55.98645833333334
2020-03-31 00:00:00+00:00,55.86675
2020-04-01 00:00:00+00:00,56.154583333333335
2020-04-02 00:00:00+00:00,56.20941666666666
2020-04-03 00:00:00+00:00,54.96879166666666
2020-04-04 00:00:00+00:00,46.57675
2020-04-05 00:00:00+00:00,44.154125
2020-04-06 00:00:00+00:00,52.12683333333334
2020-04-07 00:00:00+00:00,52.675375
2020-04-08 00:00:00+00:00,51.69470833333334
2020-04-09 00:00:00+00:00,50.350833333333334
2020-04-10 00:00:00+00:00,41.90145833333334
2020-04-11 00:00:00+00:00,42.38879166666666
2020-04-12 00:00:00+00:00,39.338208333333334
2020-04-13 00:00:00+00:00,41.39366666666666
2020-04-14 00:00:00+00:00,50.16433333333334
2020-04-15 00:00:00+00:00,51.401583333333335
2020-04-16 00:00:00+00:00,51.71541666666666
2020-04-17 00:00:00+00:00,51.067708333333336
2020-04-18 00:00:00+00:00,44.162333333333336
2020-04-19 00:00:00+00:00,42.00483333333334
2020-04-20 00:00:00+00:00,52.17425
2020-04-21 00:00:00+00:00,53.88279166666666
2020-04-22 00:00:00+00:00,53.35104166666667
2020-04-23 00:00:00+00:00,53.0975
2020-04-24 00:00:00+00:00,51.28579166666666
2020-04-25 00:00:00+00:00,45.01208333333334
2020-04-26 00:00:00+00:00,42.40345833333333
2020-04-27 00:00:00+00:00,51.972125
2020-04-28 00:00:00+00:00,53.14895833333333
2020-04-29 00:00:00+00:00,53.61754166666667
2020-04-30 00:00:00+00:00,52.04629166666666
2020-05-01 00:00:00+00:00,41.735708333333335
2020-05-02 00:00:00+00:00,43.51691666666667
2020-05-03 00:00:00+00:00,41.09579166666666
2020-05-04 00:00:00+00:00,52.550916666666666
2020-05-05 00:00:00+00:00,53.94479166666667
2020-05-06 00:00:00+00:00,52.78391666666666
2020-05-07 00:00:00+00:00,52.334916666666665
2020-05-08 00:00:00+00:00,50.140541666666664
2020-05-09 00:00:00+00:00,44.11866666666666
2020-05-10 00:00:00+00:00,41.26170833333334
2020-05-11 00:00:00+00:00,54.8545
2020-05-12 00:00:00+00:00,54.00091666666666
2020-05-13 00:00:00+00:00,54.375416666666666
2020-05-14 00:00:00+00:00,53.50845833333334
2020-05-15 00:00:00+00:00,52.499291666666664
2020-05-16 00:00:00+00:00,45.22420833333334
2020-05-17 00:00:00+00:00,42.026041666666664
2020-05-18 00:00:00+00:00,52.371583333333334
2020-05-19 00:00:00+00:00,53.24766666666667
2020-05-20 00:00:00+00:00,51.53808333333333
2020-05-21 00:00:00+00:00,41.68020833333333
2020-05-22 00:00:00+00:00,46.40954166666666
2020-05-23 00:00:00+00:00,44.485125
2020-05-24 00:00:00+00:00,42.34529166666666
2020-05-25 00:00:00+00:00,53.35175
2020-05-26 00:00:00+00:00,53.069
2020-05-27 00:00:00+00:00,53.006
2020-05-28 00:00:00+00:00,53.28304166666666
2020-05-29 00:00:00+00:00,51.029
2020-05-30 00:00:00+00:00,43.468
2020-05-31 00:00:00+00:00,39.48645833333334
2020-06-01 00:00:00+00:00,40.230333333333334
2020-06-02 00:00:00+00:00,52.192375
2020-06-03 00:00:00+00:00,53.659416666666665
2020-06-04 00:00:00+00:00,54.44291666666666
2020-06-05 00:00:00+00:00,53.38891666666667
2020-06-06 00:00:00+00:00,45.541916666666665
2020-06-07 00:00:00+00:00,41.977833333333336
2020-06-08 00:00:00+00:00,52.035833333333336
2020-06-09 00:00:00+00:00,53.368541666666665
2020-06-10 00:00:00+00:00,52.80804166666666
2020-06-11 00:00:00+00:00,45.43991666666666
2020-06-12 00:00:00+00:00,47.924125
2020-06-13 00:00:00+00:00,44.011875
2020-06-14 00:00:00+00:00,41.949875
2020-06-15 00:00:00+00:00,52.00575
2020-06-16 00:00:00+00:00,53.429458333333336
2020-06-17 00:00:00+00:00,53.678333333333335
2020-06-18 00:00:00+00:00,53.53725
2020-06-19 00:00:00+00:00,51.67608333333334
2020-06-20 00:00:00+00:00,43.67191666666666
2020-06-21 00:00:00+00:00,40.69883333333333
2020-06-22 00:00:00+00:00,52.505625
2020-06-23 00:00:00+00:00,53.52220833333334
2020-06-24 00:00:00+00:00,53.91020833333334
2020-06-25 00:00:00+00:00,54.01170833333334
2020-06-26 00:00:00+00:00,52.09558333333334
2020-06-27 00:00:00+00:00,45.07666666666666
2020-06-28 00:00:00+00:00,42.243541666666665
2020-06-29 00:00:00+00:00,53.41575
2020-06-30 00:00:00+00:00,54.909958333333336
2020-07-01 00:00:00+00:00,55.505
2020-07-02 00:00:00+00:00,54.709125
2020-07-03 00:00:00+00:00,52.68354166666666
2020-07-04 00:00:00+00:00,45.592
2020-07-05 00:00:00+00:00,43.39675
2020-07-06 00:00:00+00:00,55.133625
2020-07-07 00:00:00+00:00,54.685291666666664
2020-07-08 00:00:00+00:00,55.104875
2020-07-09 00:00:00+00:00,55.3945
2020-07-10 00:00:00+00:00,53.426208333333335
2020-07-11 00:00:00+00:00,44.167208333333335
2020-07-12 00:00:00+00:00,40.85633333333334
2020-07-13 00:00:00+00:00,52.374125
2020-07-14 00:00:00+00:00,54.32845833333334
2020-07-15 00:00:00+00:00,55.505541666666666
2020-07-16 00:00:00+00:00,55.20829166666667
2020-07-17 00:00:00+00:00,52.81041666666666
2020-07-18 00:00:00+00:00,44.54020833333333
2020-07-19 00:00:00+00:00,41.50625
2020-07-20 00:00:00+00:00,52.79208333333334
2020-07-21 00:00:00+00:00,53.276583333333335
2020-07-22 00:00:00+00:00,54.19566666666667
2020-07-23 00:00:00+00:00,54.12329166666667
2020-07-24 00:00:00+00:00,52.26320833333334
2020-07-25 00:00:00+00:00,44.737
2020-07-26 00:00:00+00:00,41.94233333333334
2020-07-27 00:00:00+00:00,52.63529166666667
2020-07-28 00:00:00+00:00,54.219
2020-07-29 00:00:00+00:00,53.052791666666664
2020-07-30 00:00:00+00:00,52.52008333333334
2020-07-31 00:00:00+00:00,52.23954166666667
2020-08-01 00:00:00+00:00,44.5025
2020-08-02 00:00:00+00:00,41.176541666666665
2020-08-03 00:00:00+00:00,50.44566666666667
2020-08-04 00:00:00+00:00,51.178625
2020-08-05 00:00:00+00:00,51.746625
2020-08-06 00:00:00+00:00,52.382875
2020-08-07 00:00:00+00:00,52.04775
2020-08-08 00:00:00+00:00,45.48575
2020-08-09 00:00:00+00:00,42.869166666666665
2020-08-10 00:00:00+00:00,54.6035
2020-08-11 00:00:00+00:00,56.6365
2020-08-12 00:00:00+00:00,55.990875
2020-08-13 00:00:00+00:00,55.857458333333334
2020-08-14 00:00:00+00:00,53.67970833333334
2020-08-15 00:00:00+00:00,44.944041666666664
2020-08-16 00:00:00+00:00,42.82508333333334
2020-08-17 00:00:00+00:00,54.020375
2020-08-18 00:00:00+00:00,54.758583333333334
2020-08-19 00:00:00+00:00,54.63254166666666
2020-08-20 00:00:00+00:00,55.55325
2020-08-21 00:00:00+00:00,55.057208333333335
2020-08-22 00:00:00+00:00,46.34879166666666
2020-08-23 00:00:00+00:00,42.733666666666664
2020-08-24 00:00:00+00:00,53.55316666666666
2020-08-25 00:00:00+00:00,54.91683333333334
2020-08-26 00:00:00+00:00,57.705875
2020-08-27 00:00:00+00:00,55.307291666666664
2020-08-28 00:00:00+00:00,53.24854166666666
2020-08-29 00:00:00+00:00,44.931625
2020-08-30 00:00:00+00:00,41.910291666666666
2020-08-31 00:00:00+00:00,53.905791666666666
2020-09-01 00:00:00+00:00,55.16583333333334
2020-09-02 00:00:00+00:00,54.910875
2020-09-03 00:00:00+00:00,55.672583333333336
2020-09-04 00:00:00+00:00,53.314375
2020-09-05 00:00:00+00:00,45.69525
2020-09-06 00:00:00+00:00,42.6595
2020-09-07 00:00:00+00:00,53.26566666666666
2020-09-08 00:00:00+00:00,55.5385
2020-09-09 00:00:00+00:00,55.60166666666667
2020-09-10 00:00:00+00:00,54.816375
2020-09-11 00:00:00+00:00,52.94
2020-09-12 00:00:00+00:00,45.99879166666666
2020-09-13 00:00:00+00:00,42.39241666666666
2020-09-14 00:00:00+00:00,53.828291666666665
2020-09-15 00:00:00+00:00,55.284666666666666
2020-09-16 00:00:00+00:00,56.118375
2020-09-17 00:00:00+00:00,55.93516666666667
2020-09-18 00:00:00+00:00,54.495333333333335
2020-09-19 00:00:00+00:00,46.55141666666666
2020-09-20 00:00:00+00:00,43.056041666666665
2020-09-21 00:00:00+00:00,54.679541666666665
2020-09-22 00:00:00+00:00,55.706375
2020-09-23 00:00:00+00:00,56.557833333333335
2020-09-24 00:00:00+00:00,57.341
2020-09-25 00:00:00+00:00,55.78370833333334
2020-09-26 00:00:00+00:00,48.55370833333333
2020-09-27 00:00:00+00:00,45.261375
2020-09-28 00:00:00+00:00,56.614
2020-09-29 00:00:00+00:00,57.844166666666666
2020-09-30 00:00:00+00:00,57.77279166666666
